message_id,message_text,model,categories_version,keywords_version,predicted,confidence,gate_result,gate_reason,keyword_miss,correct,is_correct,ms,cost_usd
train_00003,Can I track my card while it is in the process of delivery?,deepseek/deepseek-v4-flash,v2,v1,card_arrival,99.33,auto_accept,,false,card_arrival,true,1651,4.7152e-05
train_00014,It's been a week since I ordered my card and it's not here. Please help?,deepseek/deepseek-v4-flash,v2,v1,card_arrival,99.14,auto_accept,,false,card_arrival,true,2804,1.28856e-05
train_00029,What is the expected delivery date for my card?,deepseek/deepseek-v4-flash,v2,v1,card_delivery_estimate,99.14,auto_accept,,false,card_arrival,false,1386,1.28016e-05
train_00031,I would like to track the card you sent to me.,deepseek/deepseek-v4-flash,v2,v1,card_arrival,100.0,auto_accept,,false,card_arrival,true,2206,1.26896e-05
train_00033,My new card hasn't came in.,deepseek/deepseek-v4-flash,v2,v1,card_arrival,99.97,auto_accept,,false,card_arrival,true,1138,1.25776e-05
train_00035,Can I get an update on my replacement card?,deepseek/deepseek-v4-flash,v2,v1,card_arrival,99.98,auto_accept,,false,card_arrival,true,1097,1.26336e-05
train_00039,My card still hasn't been delivered,deepseek/deepseek-v4-flash,v2,v1,card_arrival,99.75,auto_accept,,false,card_arrival,true,1099,1.25776e-05
train_00076,My card hasn't shown up yet.,deepseek/deepseek-v4-flash,v2,v1,card_arrival,99.93,auto_accept,,false,card_arrival,true,1076,1.25776e-05
train_00080,Is there a reason my new card hasn't arrived yet?,deepseek/deepseek-v4-flash,v2,v1,card_arrival,99.75,auto_accept,,false,card_arrival,true,1134,1.26896e-05
train_00088,Can you tell me why I haven't received my new card yet?,deepseek/deepseek-v4-flash,v2,v1,card_arrival,99.93,auto_accept,,false,card_arrival,true,1152,1.27456e-05
train_00092,What do I need to do to get my new card which I have requested 2 weeks ago?,deepseek/deepseek-v4-flash,v2,v1,card_arrival,99.77,auto_accept,,false,card_arrival,true,1225,1.29136e-05
train_00096,Shouldn't my new card be here by now?,deepseek/deepseek-v4-flash,v2,v1,card_arrival,99.14,auto_accept,,false,card_arrival,true,1298,1.26616e-05
train_00101,"I have not received my card and it's been a week, what do I do?",deepseek/deepseek-v4-flash,v2,v1,card_arrival,99.67,auto_accept,,false,card_arrival,true,1494,1.28576e-05
train_00106,My card hasn't came in the mail yet?,deepseek/deepseek-v4-flash,v2,v1,card_arrival,99.85,auto_accept,,false,card_arrival,true,1107,1.26336e-05
train_00107,I haven't received my card.,deepseek/deepseek-v4-flash,v2,v1,card_arrival,99.9,auto_accept,,false,card_arrival,true,1175,1.25496e-05
train_00108,Is it possible for me to track the card is was mailed to me?,deepseek/deepseek-v4-flash,v2,v1,card_arrival,99.94,auto_accept,,false,card_arrival,true,1214,1.27736e-05
train_00119,How long does it take to recieve my new card?,deepseek/deepseek-v4-flash,v2,v1,card_delivery_estimate,96.27,auto_accept,,false,card_arrival,false,1359,1.28576e-05
train_00251,What do I do to link my new card?,deepseek/deepseek-v4-flash,v2,v1,card_linking,100.0,auto_accept,,false,card_linking,true,1363,1.26336e-05
train_00259,I found my card again. Can I put it back into the app?,deepseek/deepseek-v4-flash,v2,v1,card_linking,82.65,auto_accept,,false,card_linking,true,1149,1.27736e-05
train_00263,How do I get my card into the app?,deepseek/deepseek-v4-flash,v2,v1,card_linking,99.91,auto_accept,,false,card_linking,true,1126,1.26336e-05
train_00290,"My new card isn't in my app, how do I get it in there?",deepseek/deepseek-v4-flash,v2,v1,order_physical_card,0.82,auto_accept,,false,card_linking,false,2902,1.28856e-05
train_00303,What are you exchange rates?,deepseek/deepseek-v4-flash,v2,v1,exchange_rate,100.0,auto_accept,,false,exchange_rate,true,1631,1.24656e-05
train_00304,Do you have the best exchange rate?,deepseek/deepseek-v4-flash,v2,v1,exchange_rate,100.0,auto_accept,,false,exchange_rate,true,1175,1.25216e-05
train_00311,What do you use to figure out the exchange rate for the card?,deepseek/deepseek-v4-flash,v2,v1,exchange_rate,99.94,auto_accept,,false,exchange_rate,true,1610,1.26896e-05
train_00321,How is the exchange rate calculated?,deepseek/deepseek-v4-flash,v2,v1,exchange_rate,100.0,auto_accept,,false,exchange_rate,true,1145,1.24936e-05
train_00333,How do you find the exchange rate?,deepseek/deepseek-v4-flash,v2,v1,exchange_rate,100.0,auto_accept,,false,exchange_rate,true,1259,1.25216e-05
train_00346,How can I find your exchange rates?,deepseek/deepseek-v4-flash,v2,v1,exchange_rate,100.0,auto_accept,,false,exchange_rate,true,1151,1.25216e-05
train_00360,What factors effect the exchange rate?,deepseek/deepseek-v4-flash,v2,v1,exchange_rate,100.0,auto_accept,,false,exchange_rate,true,1745,1.24936e-05
train_00367,Is the exchange rate the same on weekends as the weekdays?,deepseek/deepseek-v4-flash,v2,v1,exchange_rate,100.0,auto_accept,,false,exchange_rate,true,1231,1.26616e-05
train_00388,what are your exchange rates at?,deepseek/deepseek-v4-flash,v2,v1,exchange_rate,100.0,auto_accept,,false,exchange_rate,true,3862,1.24936e-05
train_00416,An incorrect exchange rate was applied to an item I bought.,deepseek/deepseek-v4-flash,v2,v1,card_payment_wrong_exchange_rate,100.0,auto_accept,,false,card_payment_wrong_exchange_rate,true,6674,1.29696e-05
train_00439,What if there is an error on the exchange rate?,deepseek/deepseek-v4-flash,v2,v1,exchange_rate,98.47,auto_accept,,false,card_payment_wrong_exchange_rate,false,1522,1.26056e-05
train_00483,It seems that the rate I got is incorrect.,deepseek/deepseek-v4-flash,v2,v1,card_payment_wrong_exchange_rate,82.46,auto_accept,,false,card_payment_wrong_exchange_rate,true,1183,1.29136e-05
train_00487,My client was converting their Russian ruble into UK pound currency when they noticed their bill was much too high for the exchange. What happened?,deepseek/deepseek-v4-flash,v2,v1,exchange_charge,6.48,auto_accept,,false,card_payment_wrong_exchange_rate,false,1181,1.31376e-05
train_00500,Why is the exchange rate different from what I expected?,deepseek/deepseek-v4-flash,v2,v1,exchange_rate,99.84,auto_accept,,false,card_payment_wrong_exchange_rate,false,1002,1.26056e-05
train_00510,I want to change the wrong exchange rate.,deepseek/deepseek-v4-flash,v2,v1,card_payment_wrong_exchange_rate,85.05,auto_accept,,false,card_payment_wrong_exchange_rate,true,2349,1.28856e-05
train_00518,I believe you charged me too much to exchange my money,deepseek/deepseek-v4-flash,v2,v1,exchange_charge,96.41,auto_accept,,false,card_payment_wrong_exchange_rate,false,1742,1.26896e-05
train_00568,"I  have been charged more than I should for the presents I bought  when abroad, the problem seems to be the exchange rate.",deepseek/deepseek-v4-flash,v2,v1,card_payment_wrong_exchange_rate,100.0,auto_accept,,false,card_payment_wrong_exchange_rate,true,1406,1.33896e-05
train_00576,What is the $1 transaction on my account?,deepseek/deepseek-v4-flash,v2,v1,card_payment_not_recognised,99.68,review,keyword_miss,true,extra_charge_on_statement,false,1265,1.28576e-05
train_00582,"I have a strange transaction for £1 on my statement, what is that?",deepseek/deepseek-v4-flash,v2,v1,card_payment_not_recognised,97.57,review,keyword_miss,true,extra_charge_on_statement,false,1263,1.30256e-05
train_00621,"There must have been a mistake, why was I charged an extra pound?",deepseek/deepseek-v4-flash,v2,v1,extra_charge_on_statement,98.46,auto_accept,,false,extra_charge_on_statement,true,1270,1.29416e-05
train_00623,There is an extra small charge on my card! What do I do?,deepseek/deepseek-v4-flash,v2,v1,extra_charge_on_statement,93.97,auto_accept,,false,extra_charge_on_statement,true,1177,1.31656e-05
train_00624,"I looked at my statement, and there is a charge for 1£ that I don't recognize.  Why is it on there?",deepseek/deepseek-v4-flash,v2,v1,card_payment_not_recognised,99.41,auto_accept,,false,extra_charge_on_statement,false,1438,1.33616e-05
train_00668,"There seems to be an additional charge of £1 on my statement, what is the reason for this?",deepseek/deepseek-v4-flash,v2,v1,extra_charge_on_statement,99.99,auto_accept,,false,extra_charge_on_statement,true,1590,1.31096e-05
train_00673,There is a pending payment on my account that is very strange. I don't remember making this and it won't go away. Can you help me figure this out?,deepseek/deepseek-v4-flash,v2,v1,pending_card_payment,43.3,auto_accept,,false,extra_charge_on_statement,false,2971,1.33616e-05
train_00713,Why is there a fee added to my statement?,deepseek/deepseek-v4-flash,v2,v1,extra_charge_on_statement,99.74,auto_accept,,false,extra_charge_on_statement,true,1205,1.28016e-05
train_00733,I've been charged an extra £1 and I don't know why,deepseek/deepseek-v4-flash,v2,v1,extra_charge_on_statement,99.66,auto_accept,,false,extra_charge_on_statement,true,4303,1.29416e-05
train_00735,Why is there a €1 charge on my statement?,deepseek/deepseek-v4-flash,v2,v1,extra_charge_on_statement,98.17,auto_accept,,false,extra_charge_on_statement,true,7340,1.30536e-05
train_00765,I made a cash withdrawal earlier and it's showing as pending.  What does that mean?,deepseek/deepseek-v4-flash,v2,v1,pending_cash_withdrawal,100.0,auto_accept,,false,pending_cash_withdrawal,true,1261,1.29976e-05
train_00794,"My account says there are pending funds right now from withdrawing from an ATM, but my card was declined and I never took out any money. When will that money be deposited back into my account?",deepseek/deepseek-v4-flash,v2,v1,pending_cash_withdrawal,94.99,auto_accept,,false,pending_cash_withdrawal,true,2223,1.35576e-05
train_00795,How long before I can see that my cash withdrawal has taken place?,deepseek/deepseek-v4-flash,v2,v1,pending_cash_withdrawal,67.23,auto_accept,,false,pending_cash_withdrawal,true,1579,1.28576e-05
train_00799,I didn't receive my money earlier and it says the transaction is still in progress. Can you fix it?,deepseek/deepseek-v4-flash,v2,v1,pending_transfer,98.47,auto_accept,,false,pending_cash_withdrawal,false,2952,1.29696e-05
train_00850,In my account I noticed my ATM withdrawal is still pending,deepseek/deepseek-v4-flash,v2,v1,pending_cash_withdrawal,100.0,auto_accept,,false,pending_cash_withdrawal,true,6061,1.28016e-05
train_00932,Will you be able to exchange to EUR?,deepseek/deepseek-v4-flash,v2,v1,exchange_via_app,43.75,auto_accept,,false,fiat_currency_support,false,1261,1.26616e-05
train_00960,"I'm interested in holding and exchange for flat currencies, what do you support?",deepseek/deepseek-v4-flash,v2,v1,fiat_currency_support,99.68,auto_accept,,false,fiat_currency_support,true,1096,1.29696e-05
train_00965,How can I exchange to EUR?,deepseek/deepseek-v4-flash,v2,v1,exchange_via_app,95.2,auto_accept,,false,fiat_currency_support,false,1419,1.26056e-05
train_00970,"Do you hold money and if so, what currencies do you accept?",deepseek/deepseek-v4-flash,v2,v1,fiat_currency_support,77.71,auto_accept,,false,fiat_currency_support,true,1338,1.29136e-05
train_01056,I need my card as quick as possible,deepseek/deepseek-v4-flash,v2,v1,card_delivery_estimate,72.92,auto_accept,,false,card_delivery_estimate,true,1450,1.27736e-05
train_01076,how soon will my card arrive?,deepseek/deepseek-v4-flash,v2,v1,card_delivery_estimate,43.78,auto_accept,,false,card_delivery_estimate,true,1536,1.27176e-05
train_01107,When can I expect my new card to get here?,deepseek/deepseek-v4-flash,v2,v1,card_arrival,22.27,auto_accept,,false,card_delivery_estimate,false,1566,1.26616e-05
train_01111,How long does it take for something to be delivered to the U.S?,deepseek/deepseek-v4-flash,v2,v1,card_delivery_estimate,99.79,auto_accept,,false,card_delivery_estimate,true,1637,1.29416e-05
train_01112,How long does it take for my physical card to be delivered.,deepseek/deepseek-v4-flash,v2,v1,card_delivery_estimate,99.99,auto_accept,,false,card_delivery_estimate,true,1428,1.28856e-05
train_01121,I can't find the auto-top up option.,deepseek/deepseek-v4-flash,v2,v1,automatic_top_up,100.0,auto_accept,,false,automatic_top_up,true,1520,1.26896e-05
train_01123,When do i activate auto top-up?,deepseek/deepseek-v4-flash,v2,v1,automatic_top_up,100.0,auto_accept,,false,automatic_top_up,true,1534,1.26336e-05
train_01145,Is it possible to do auto top up?,deepseek/deepseek-v4-flash,v2,v1,automatic_top_up,100.0,auto_accept,,false,automatic_top_up,true,1572,1.26616e-05
train_01147,I would like to top up my account automatically. How do I do that?,deepseek/deepseek-v4-flash,v2,v1,automatic_top_up,100.0,auto_accept,,false,automatic_top_up,true,1025,1.28576e-05
train_01149,If I don't have much money in the account can I auto top-up?,deepseek/deepseek-v4-flash,v2,v1,automatic_top_up,100.0,auto_accept,,false,automatic_top_up,true,1112,1.28576e-05
train_01155,"If there isn't a lot of money left, will it automatically top-up money?",deepseek/deepseek-v4-flash,v2,v1,automatic_top_up,100.0,auto_accept,,false,automatic_top_up,true,1216,1.28856e-05
train_01156,In what increments can I top-up my card?,deepseek/deepseek-v4-flash,v2,v1,top_up_limits,99.93,auto_accept,,false,automatic_top_up,false,965,1.26896e-05
train_01190,When I'm traveling is it possible to add money automatically at certain time points?,deepseek/deepseek-v4-flash,v2,v1,automatic_top_up,100.0,auto_accept,,false,automatic_top_up,true,1238,1.28576e-05
train_01199,Can I set it up to add money every few days automatically while I am traveling?,deepseek/deepseek-v4-flash,v2,v1,automatic_top_up,100.0,auto_accept,,false,automatic_top_up,true,1095,1.28856e-05
train_01224,how can i get it to add money automatically while travelling,deepseek/deepseek-v4-flash,v2,v1,automatic_top_up,100.0,auto_accept,,false,automatic_top_up,true,1283,1.27456e-05
train_01277,What are ways to test why my card might not be working?,deepseek/deepseek-v4-flash,v2,v1,card_not_working,99.98,auto_accept,,false,card_not_working,true,1277,1.27736e-05
train_01330,My card stopped working after multiple transactions. Why?,deepseek/deepseek-v4-flash,v2,v1,card_not_working,99.87,auto_accept,,false,card_not_working,true,1540,1.26896e-05
train_01355,What should I do if my physical card isn't working?,deepseek/deepseek-v4-flash,v2,v1,card_not_working,99.99,auto_accept,,false,card_not_working,true,950,1.27456e-05
train_01369,Can I possibly change my currency to another?,deepseek/deepseek-v4-flash,v2,v1,exchange_rate,71.4,review,keyword_miss,true,exchange_via_app,false,1185,1.25496e-05
train_01373,Can turn my money into another currency?,deepseek/deepseek-v4-flash,v2,v1,exchange_via_app,62.11,auto_accept,,false,exchange_via_app,true,2369,1.26336e-05
train_01393,Can I use your app to exchange between USD and GBP,deepseek/deepseek-v4-flash,v2,v1,exchange_via_app,97.69,auto_accept,,false,exchange_via_app,true,1228,1.27456e-05
train_01413,Can I use this app to exchange currencies?,deepseek/deepseek-v4-flash,v2,v1,exchange_via_app,85.19,auto_accept,,false,exchange_via_app,true,1173,1.26616e-05
train_01432,How can I exchange currencies with this app?,deepseek/deepseek-v4-flash,v2,v1,exchange_via_app,98.59,auto_accept,,false,exchange_via_app,true,1216,1.26616e-05
train_01470,Can this app exchange American and English currency?,deepseek/deepseek-v4-flash,v2,v1,exchange_via_app,55.7,auto_accept,,false,exchange_via_app,true,2430,1.26616e-05
train_01479,How do I replace a stolen card?,deepseek/deepseek-v4-flash,v2,v1,lost_or_stolen_card,99.98,auto_accept,,false,lost_or_stolen_card,true,14122,1.26896e-05
train_01496,Can you send me a new card and block my current one. I'm in Spain and my wallet was stolen.,deepseek/deepseek-v4-flash,v2,v1,lost_or_stolen_card,100.0,auto_accept,,false,lost_or_stolen_card,true,1863,1.31096e-05
train_01516,I have lost my card! What is my next step?,deepseek/deepseek-v4-flash,v2,v1,lost_or_stolen_card,100.0,auto_accept,,false,lost_or_stolen_card,true,1328,1.28016e-05
train_01543,Need help with a stolen card.,deepseek/deepseek-v4-flash,v2,v1,lost_or_stolen_card,99.99,auto_accept,,false,lost_or_stolen_card,true,1225,1.26616e-05
train_01576,Would it be possible to open up an account for children?,deepseek/deepseek-v4-flash,v2,v1,age_limit,100.0,auto_accept,,false,age_limit,true,1162,1.26336e-05
train_01599,What are the age requirements for service?,deepseek/deepseek-v4-flash,v2,v1,age_limit,100.0,auto_accept,,false,age_limit,true,1231,1.25216e-05
train_01616,What is the youngest age for an account?,deepseek/deepseek-v4-flash,v2,v1,age_limit,100.0,auto_accept,,false,age_limit,true,1661,1.25496e-05
train_01617,I have kids and I'm curious at what age could they start to use your service.,deepseek/deepseek-v4-flash,v2,v1,age_limit,100.0,auto_accept,,false,age_limit,true,1274,1.28016e-05
train_01623,Do you have a children account available?,deepseek/deepseek-v4-flash,v2,v1,age_limit,99.91,auto_accept,,false,age_limit,true,1196,1.25216e-05
train_01672,My PIN tries have run out. Now what?,deepseek/deepseek-v4-flash,v2,v1,pin_blocked,99.25,auto_accept,,false,pin_blocked,true,1062,1.26336e-05
train_01684,How can I unblock my PIN?,deepseek/deepseek-v4-flash,v2,v1,pin_blocked,98.89,auto_accept,,false,pin_blocked,true,4334,1.25776e-05
train_01688,How do I make my PIN work again?,deepseek/deepseek-v4-flash,v2,v1,change_pin,84.55,auto_accept,,false,pin_blocked,false,38139,1.26056e-05
train_01780,I punched in the wrong pin too many times and I'm locked out.,deepseek/deepseek-v4-flash,v2,v1,pin_blocked,99.76,auto_accept,,false,pin_blocked,true,3787,1.27736e-05
train_01783,How come when I tried to pay contactless at the bus it didnt work?,deepseek/deepseek-v4-flash,v2,v1,contactless_not_working,98.13,auto_accept,,false,contactless_not_working,true,1545,1.29136e-05
train_01835,Am I charged for receiving money?,deepseek/deepseek-v4-flash,v2,v1,receiving_money,99.97,auto_accept,,false,top_up_by_bank_transfer_charge,false,1609,1.26056e-05
train_01864,is there a fee for swift transfer,deepseek/deepseek-v4-flash,v2,v1,transfer_fee_charged,96.18,auto_accept,,false,top_up_by_bank_transfer_charge,false,3174,1.26896e-05
train_01886,"I want to top up my account by a bank transfer, but will I be charged?",deepseek/deepseek-v4-flash,v2,v1,top_up_by_bank_transfer_charge,100.0,auto_accept,,false,top_up_by_bank_transfer_charge,true,6257,1.31936e-05
train_01891,Can I transfer using SWIFT?,deepseek/deepseek-v4-flash,v2,v1,transfer_into_account,32.74,auto_accept,,false,top_up_by_bank_transfer_charge,false,1388,1.26056e-05
train_01915,How much would I be charged for a transfer?,deepseek/deepseek-v4-flash,v2,v1,transfer_fee_charged,99.89,auto_accept,,false,top_up_by_bank_transfer_charge,false,1563,1.27456e-05
train_01965,"My top up hasn't gone through yet, why?",deepseek/deepseek-v4-flash,v2,v1,top_up_failed,77.73,auto_accept,,false,pending_top_up,false,1390,1.27176e-05
train_01981,What do I do if my top-up has not gone through?,deepseek/deepseek-v4-flash,v2,v1,top_up_failed,99.99,auto_accept,,false,pending_top_up,false,1141,1.27736e-05
train_02069,Please sort your top up! My top up has been pending for an hour already. Can you please make it go through as soon as possible. I really need the money.,deepseek/deepseek-v4-flash,v2,v1,pending_top_up,99.94,auto_accept,,false,pending_top_up,true,5862,1.33336e-05
train_02124,Please cancel my last transaction.,deepseek/deepseek-v4-flash,v2,v1,cancel_transfer,100.0,auto_accept,,false,cancel_transfer,true,1391,1.25216e-05
train_02149,I just realised I made the wrong payment yesterday. Can you please change it to the right account? It's my rent payment and really really needs to be in the right account by tomorrow,deepseek/deepseek-v4-flash,v2,v1,cancel_transfer,99.59,auto_accept,,false,cancel_transfer,true,1208,1.34176e-05
train_02167,I need to cancel my recent transfer as soon as possible. I made an error there. Please help before it goes through.,deepseek/deepseek-v4-flash,v2,v1,cancel_transfer,100.0,auto_accept,,false,cancel_transfer,true,1335,1.30536e-05
train_02178,Is it possible for a transaction to be cancelled?,deepseek/deepseek-v4-flash,v2,v1,cancel_transfer,99.99,auto_accept,,false,cancel_transfer,true,6688,1.26336e-05
train_02191,How do I go about cancelling a transaction?,deepseek/deepseek-v4-flash,v2,v1,cancel_transfer,100.0,auto_accept,,false,cancel_transfer,true,1291,1.26336e-05
train_02199,I made the incorrect payment for my rent yesterday and this needs to be fixed by no later than tomorrow. How can you help?,deepseek/deepseek-v4-flash,v2,v1,cancel_transfer,96.33,auto_accept,,false,cancel_transfer,true,1280,1.30816e-05
train_02227,A transfer has been made in my account that I need to cancel.  This was a mistake on my part and I hope we can get this resolved quickly.,deepseek/deepseek-v4-flash,v2,v1,cancel_transfer,100.0,auto_accept,,false,cancel_transfer,true,1257,1.32496e-05
train_02233,please cancel the transaction,deepseek/deepseek-v4-flash,v2,v1,cancel_transfer,100.0,auto_accept,,false,cancel_transfer,true,1341,1.24936e-05
train_02249,Tell me if there is a limit to top-up.,deepseek/deepseek-v4-flash,v2,v1,top_up_limits,99.99,auto_accept,,false,top_up_limits,true,3529,1.27176e-05
train_02310,Can I use as many top-ups as I want?,deepseek/deepseek-v4-flash,v2,v1,top_up_limits,99.92,auto_accept,,false,top_up_limits,true,1178,1.27176e-05
train_02316,Is there a limit for top ups?,deepseek/deepseek-v4-flash,v2,v1,top_up_limits,100.0,auto_accept,,false,top_up_limits,true,1147,1.26336e-05
train_02328,limits on top ups,deepseek/deepseek-v4-flash,v2,v1,top_up_limits,100.0,auto_accept,,false,top_up_limits,true,1200,1.25496e-05
train_02340,"Hi, I used an ATM today to take money out of my account, but the amount it gave me is not the amount I requested. What should I do?",deepseek/deepseek-v4-flash,v2,v1,wrong_amount_of_cash_received,99.99,auto_accept,,false,wrong_amount_of_cash_received,true,1158,1.35016e-05
train_02344,I didn't get all the cash I asked for,deepseek/deepseek-v4-flash,v2,v1,wrong_amount_of_cash_received,99.99,auto_accept,,false,wrong_amount_of_cash_received,true,1308,1.28856e-05
train_02348,I wanted to withdraw $100 from the ATM but I only got $20,deepseek/deepseek-v4-flash,v2,v1,cash_withdrawal_not_recognised,14.58,auto_accept,,false,wrong_amount_of_cash_received,false,1089,1.30256e-05
train_02362,I'm at the ATM right now and it only allowed me to withdraw 10 pounds instead of my requested 30. What's going on? How can I fix this?,deepseek/deepseek-v4-flash,v2,v1,declined_cash_withdrawal,99.71,auto_accept,,false,wrong_amount_of_cash_received,false,1141,1.35016e-05
train_02375,Why didn't I receive the right amount of cash at the ATM?,deepseek/deepseek-v4-flash,v2,v1,wrong_amount_of_cash_received,99.59,auto_accept,,false,wrong_amount_of_cash_received,true,1179,1.29696e-05
train_02407,I was not able to receive the correct amount of cash.,deepseek/deepseek-v4-flash,v2,v1,wrong_amount_of_cash_received,100.0,auto_accept,,false,wrong_amount_of_cash_received,true,1756,1.29136e-05
train_02447,i asked for 100 only got 80,deepseek/deepseek-v4-flash,v2,v1,wrong_amount_of_cash_received,99.93,auto_accept,,false,wrong_amount_of_cash_received,true,1292,1.28576e-05
train_02455,The ATM didn't give me what I asked for but my balance says it did,deepseek/deepseek-v4-flash,v2,v1,wrong_amount_of_cash_received,5.83,auto_accept,,false,wrong_amount_of_cash_received,true,1011,1.30536e-05
train_02464,"Hey I am standing in front of an ATM here, it only gave me 10 pounds even though I wanted to withdraw 30! Seems like the app has 30 pounds, what do I do??",deepseek/deepseek-v4-flash,v2,v1,wrong_amount_of_cash_received,90.35,auto_accept,,false,wrong_amount_of_cash_received,true,1980,1.37256e-05
train_02478,The ATM is messed up. It gave me less than I wanted.,deepseek/deepseek-v4-flash,v2,v1,wrong_amount_of_cash_received,97.81,auto_accept,,false,wrong_amount_of_cash_received,true,1441,1.29696e-05
train_02483,I tried pulling out money at the ATM and it gave me an incorrect amount back.,deepseek/deepseek-v4-flash,v2,v1,wrong_amount_of_cash_received,99.9,auto_accept,,false,wrong_amount_of_cash_received,true,1182,1.30536e-05
train_02492,I asked for cash but I did not receive all the funds,deepseek/deepseek-v4-flash,v2,v1,wrong_amount_of_cash_received,99.95,auto_accept,,false,wrong_amount_of_cash_received,true,1484,1.29416e-05
train_02519,A fee came along with me paying with card,deepseek/deepseek-v4-flash,v2,v1,card_payment_fee_charged,99.99,auto_accept,,false,card_payment_fee_charged,true,1172,1.28576e-05
train_02545,Can you explain why my payment was charged a fee?,deepseek/deepseek-v4-flash,v2,v1,card_payment_fee_charged,99.98,auto_accept,,false,card_payment_fee_charged,true,1246,1.28856e-05
train_02586,Let me know when you charge extra for payments please. I just checked the app earlier when I saw that there was an additional fee on one of the payments that I wasn't warned about before.,deepseek/deepseek-v4-flash,v2,v1,extra_charge_on_statement,90.44,auto_accept,,false,card_payment_fee_charged,false,1338,1.36136e-05
train_02620,Why was the price higher when I paid with my card?,deepseek/deepseek-v4-flash,v2,v1,card_payment_wrong_exchange_rate,98.69,auto_accept,,false,card_payment_fee_charged,false,1745,1.29696e-05
train_02638,"I see I was charged extra when I used the card.  I am not sure why, please tell me why.",deepseek/deepseek-v4-flash,v2,v1,extra_charge_on_statement,49.97,auto_accept,,false,card_payment_fee_charged,false,4298,1.31936e-05
train_02680,"There was an extra fee when I paid with my card, why was i charged this extra fee?",deepseek/deepseek-v4-flash,v2,v1,extra_charge_on_statement,7.59,auto_accept,,false,card_payment_fee_charged,false,1958,1.30816e-05
train_02685,When do you charge fees on accounts? I just saw a charge on my statement.,deepseek/deepseek-v4-flash,v2,v1,extra_charge_on_statement,99.2,auto_accept,,false,card_payment_fee_charged,false,1224,1.29976e-05
train_02689,Can you explain why I was charged extra when I used the card?,deepseek/deepseek-v4-flash,v2,v1,card_payment_fee_charged,93.01,auto_accept,,false,card_payment_fee_charged,true,1369,1.29696e-05
train_02742,Why hasn't the transaction I did to my friend arrived yet?,deepseek/deepseek-v4-flash,v2,v1,transfer_not_received_by_recipient,97.23,auto_accept,,false,transfer_not_received_by_recipient,true,2182,1.29976e-05
train_02766,Why hasn't a transaction I did to my friend arrived yet?,deepseek/deepseek-v4-flash,v2,v1,transfer_not_received_by_recipient,97.64,auto_accept,,false,transfer_not_received_by_recipient,true,1142,1.29976e-05
train_02771,How long does it take for the transfer to go through?,deepseek/deepseek-v4-flash,v2,v1,transfer_timing,100.0,auto_accept,,false,transfer_not_received_by_recipient,false,21943,1.26896e-05
train_02777,The money has not yet been placed in recipients account.,deepseek/deepseek-v4-flash,v2,v1,transfer_not_received_by_recipient,99.81,review,keyword_miss,true,transfer_not_received_by_recipient,true,2570,1.29416e-05
train_02855,I just sent money but the person I sent it to doesn't see it. What happened?,deepseek/deepseek-v4-flash,v2,v1,transfer_not_received_by_recipient,99.94,auto_accept,,false,transfer_not_received_by_recipient,true,1378,1.31656e-05
train_02906,What currencies can I use?,deepseek/deepseek-v4-flash,v2,v1,fiat_currency_support,49.78,auto_accept,,false,supported_cards_and_currencies,false,1130,1.26896e-05
train_02930,Do you accept all cards and currencies?,deepseek/deepseek-v4-flash,v2,v1,supported_cards_and_currencies,99.92,auto_accept,,false,supported_cards_and_currencies,true,1317,1.28016e-05
train_02948,"I want to top up by using a credit card, which ones do you support?",deepseek/deepseek-v4-flash,v2,v1,topping_up_by_card,52.76,auto_accept,,false,supported_cards_and_currencies,false,1777,1.29416e-05
train_03002,Can you give me a virtual card?,deepseek/deepseek-v4-flash,v2,v1,getting_virtual_card,43.76,auto_accept,,false,getting_virtual_card,true,1320,1.26336e-05
train_03007,Where is my virtual card?,deepseek/deepseek-v4-flash,v2,v1,getting_virtual_card,51.02,auto_accept,,false,getting_virtual_card,true,1201,1.25776e-05
train_03012,How to receive virtual card?,deepseek/deepseek-v4-flash,v2,v1,getting_virtual_card,62.13,auto_accept,,false,getting_virtual_card,true,2352,1.25776e-05
train_03024,How do I go about getting hold of a virtual card?,deepseek/deepseek-v4-flash,v2,v1,getting_virtual_card,92.39,auto_accept,,false,getting_virtual_card,true,1850,1.27456e-05
train_03032,I'm interested in getting a virtual card.  How do I get one?,deepseek/deepseek-v4-flash,v2,v1,getting_virtual_card,88.06,auto_accept,,false,getting_virtual_card,true,1149,1.28576e-05
train_03071,I ordered a virtual card but it hasn't come through yet,deepseek/deepseek-v4-flash,v2,v1,card_arrival,28.84,auto_accept,,false,getting_virtual_card,false,1087,1.27176e-05
train_03131,Are there any places that won't take my card?,deepseek/deepseek-v4-flash,v2,v1,card_acceptance,100.0,auto_accept,,false,card_acceptance,true,3141,1.27176e-05
train_03146,Can I pay with my card anywhere?,deepseek/deepseek-v4-flash,v2,v1,card_acceptance,99.99,auto_accept,,false,card_acceptance,true,1214,1.26336e-05
train_03149,What businesses can I use this card with?,deepseek/deepseek-v4-flash,v2,v1,card_acceptance,100.0,auto_accept,,false,card_acceptance,true,1157,1.26616e-05
train_03181,Why would my top up be reverted?,deepseek/deepseek-v4-flash,v2,v1,top_up_reverted,100.0,auto_accept,,false,top_up_reverted,true,2356,1.26616e-05
train_03204,What is the status of my top up?,deepseek/deepseek-v4-flash,v2,v1,pending_top_up,98.13,auto_accept,,false,top_up_reverted,false,3115,1.26056e-05
train_03231,Why was my top up cancelled?,deepseek/deepseek-v4-flash,v2,v1,top_up_failed,99.78,auto_accept,,false,top_up_reverted,false,2649,1.26056e-05
train_03288,"I attempted to complete a topup, and I thought all was well, but now the money is gone again. Has there been a glitch?",deepseek/deepseek-v4-flash,v2,v1,top_up_reverted,97.44,auto_accept,,false,top_up_reverted,true,1224,1.32496e-05
train_03290,"I tried to add a topup to my account but the money isn't there, anymore. Did I do something wrong?",deepseek/deepseek-v4-flash,v2,v1,top_up_reverted,0.38,review,keyword_miss,true,top_up_reverted,true,1446,1.31096e-05
train_03295,Why has my top up been returned?,deepseek/deepseek-v4-flash,v2,v1,top_up_reverted,100.0,auto_accept,,false,top_up_reverted,true,1189,1.26336e-05
train_03314,Why is my money not in my account. I have already sent it out.,deepseek/deepseek-v4-flash,v2,v1,transfer_not_received_by_recipient,62.82,review,keyword_miss,true,balance_not_updated_after_cheque_or_cash_deposit,false,2049,1.30816e-05
train_03315,I placed a cash deposit in my account but I can't see it yet.,deepseek/deepseek-v4-flash,v2,v1,balance_not_updated_after_cheque_or_cash_deposit,99.93,auto_accept,,false,balance_not_updated_after_cheque_or_cash_deposit,true,1460,1.34736e-05
train_03320,I did a cash deposit to my account but it doesn't show up,deepseek/deepseek-v4-flash,v2,v1,balance_not_updated_after_cheque_or_cash_deposit,99.97,auto_accept,,false,balance_not_updated_after_cheque_or_cash_deposit,true,1228,1.34456e-05
train_03352,Waiting for the cash I deposited this morning still,deepseek/deepseek-v4-flash,v2,v1,balance_not_updated_after_cheque_or_cash_deposit,97.08,auto_accept,,false,balance_not_updated_after_cheque_or_cash_deposit,true,1392,1.35296e-05
train_03379,The cheque I deposited isn't showing in my account,deepseek/deepseek-v4-flash,v2,v1,balance_not_updated_after_cheque_or_cash_deposit,99.99,auto_accept,,false,balance_not_updated_after_cheque_or_cash_deposit,true,1538,1.33336e-05
train_03381,Why isn't my cash deposit showing up in my account? I deposited it this morning.,deepseek/deepseek-v4-flash,v2,v1,balance_not_updated_after_cheque_or_cash_deposit,99.9,auto_accept,,false,balance_not_updated_after_cheque_or_cash_deposit,true,1242,1.35296e-05
train_03410,Why hasn't my balance been updated from the check deposit I made?,deepseek/deepseek-v4-flash,v2,v1,balance_not_updated_after_cheque_or_cash_deposit,100.0,auto_accept,,false,balance_not_updated_after_cheque_or_cash_deposit,true,1280,1.34176e-05
train_03412,I haven't received the cash from the check I deposited.,deepseek/deepseek-v4-flash,v2,v1,balance_not_updated_after_cheque_or_cash_deposit,99.81,auto_accept,,false,balance_not_updated_after_cheque_or_cash_deposit,true,1267,1.33616e-05
train_03429,"I did a cash deposit to my account, but I am not seeing it on my statement.",deepseek/deepseek-v4-flash,v2,v1,balance_not_updated_after_cheque_or_cash_deposit,99.97,auto_accept,,false,balance_not_updated_after_cheque_or_cash_deposit,true,3282,1.35576e-05
train_03441,The cast deposit from a week ago still is not in my account. Why?,deepseek/deepseek-v4-flash,v2,v1,balance_not_updated_after_cheque_or_cash_deposit,99.58,auto_accept,,false,balance_not_updated_after_cheque_or_cash_deposit,true,1209,1.34736e-05
train_03448,I made a check and cash deposit that wasn't credited to my account.,deepseek/deepseek-v4-flash,v2,v1,balance_not_updated_after_cheque_or_cash_deposit,99.99,auto_accept,,false,balance_not_updated_after_cheque_or_cash_deposit,true,1271,1.34456e-05
train_03464,My account balance has not updated since I deposited a cheque recently.,deepseek/deepseek-v4-flash,v2,v1,balance_not_updated_after_cheque_or_cash_deposit,100.0,auto_accept,,false,balance_not_updated_after_cheque_or_cash_deposit,true,1664,1.33896e-05
train_03473,I made a check deposit but the cash hasn't arrived in my account yet.,deepseek/deepseek-v4-flash,v2,v1,balance_not_updated_after_cheque_or_cash_deposit,99.98,auto_accept,,false,balance_not_updated_after_cheque_or_cash_deposit,true,1464,1.34736e-05
train_03495,I do not recognize the card payment.,deepseek/deepseek-v4-flash,v2,v1,card_payment_not_recognised,100.0,auto_accept,,false,card_payment_not_recognised,true,2690,1.28016e-05
train_03518,Why is there a random payment in my statement?,deepseek/deepseek-v4-flash,v2,v1,card_payment_not_recognised,99.44,auto_accept,,false,card_payment_not_recognised,true,1158,1.28576e-05
train_03532,Is it possible someone has access to my card? I noticed that there are a couple of payments in the app I'm sure I did not make. Can you find out what's going on here?,deepseek/deepseek-v4-flash,v2,v1,card_payment_not_recognised,43.72,auto_accept,,false,card_payment_not_recognised,true,1313,1.36976e-05
train_03543,There is a record of payment I never submitted on the app.,deepseek/deepseek-v4-flash,v2,v1,card_payment_not_recognised,99.3,auto_accept,,false,card_payment_not_recognised,true,1003,1.29416e-05
train_03544,I just looked over my statement and I don't recognize the name of a card payment.,deepseek/deepseek-v4-flash,v2,v1,card_payment_not_recognised,100.0,auto_accept,,false,card_payment_not_recognised,true,1060,1.30816e-05
train_03555,why do I have an unknown payment?,deepseek/deepseek-v4-flash,v2,v1,card_payment_not_recognised,99.59,auto_accept,,false,card_payment_not_recognised,true,1257,1.28016e-05
train_03597,I just checked my account on the App and there is a payment on there that I did not make.,deepseek/deepseek-v4-flash,v2,v1,card_payment_not_recognised,99.95,auto_accept,,false,card_payment_not_recognised,true,10500,1.31656e-05
train_03601,I didn't make this payment and it's on my app,deepseek/deepseek-v4-flash,v2,v1,card_payment_not_recognised,99.46,auto_accept,,false,card_payment_not_recognised,true,1080,1.29416e-05
train_03608,I see a strange payment in my account.,deepseek/deepseek-v4-flash,v2,v1,card_payment_not_recognised,99.75,auto_accept,,false,card_payment_not_recognised,true,1221,1.28296e-05
train_03689,after i got married i need to change my name,deepseek/deepseek-v4-flash,v2,v1,edit_personal_details,100.0,auto_accept,,false,edit_personal_details,true,1141,1.27176e-05
train_03720,I got a new address and need to change my old one.,deepseek/deepseek-v4-flash,v2,v1,edit_personal_details,100.0,auto_accept,,false,edit_personal_details,true,2689,1.27736e-05
train_03739,How do I input a new address?,deepseek/deepseek-v4-flash,v2,v1,edit_personal_details,100.0,auto_accept,,false,edit_personal_details,true,1562,1.26336e-05
train_03798,What's the reason for needing to verify my identity?,deepseek/deepseek-v4-flash,v2,v1,why_verify_identity,100.0,auto_accept,,false,why_verify_identity,true,1760,1.27736e-05
train_03815,It's requiring me to verify my identity?,deepseek/deepseek-v4-flash,v2,v1,verify_my_identity,37.75,auto_accept,,false,why_verify_identity,false,1160,1.27176e-05
train_03827,How does identity check work?,deepseek/deepseek-v4-flash,v2,v1,why_verify_identity,99.75,auto_accept,,false,why_verify_identity,true,2698,1.26336e-05
train_03857,how do I speed up identity verification?,deepseek/deepseek-v4-flash,v2,v1,verify_my_identity,99.84,auto_accept,,false,why_verify_identity,false,2122,1.26896e-05
train_03859,Why do you need to perform identity verification?,deepseek/deepseek-v4-flash,v2,v1,why_verify_identity,99.99,auto_accept,,false,why_verify_identity,true,1152,1.27176e-05
train_03860,Why am I being asked to verify my identity?,deepseek/deepseek-v4-flash,v2,v1,why_verify_identity,99.68,auto_accept,,false,why_verify_identity,true,1133,1.27456e-05
train_03912,Why isn't my id verifying?,deepseek/deepseek-v4-flash,v2,v1,verify_my_identity,71.52,auto_accept,,false,unable_to_verify_identity,false,109526,1.26616e-05
train_03942,What am i missing to verify my id?,deepseek/deepseek-v4-flash,v2,v1,verify_my_identity,99.93,auto_accept,,false,unable_to_verify_identity,false,1384,1.27176e-05
train_03960,My app says that I'm not verified.,deepseek/deepseek-v4-flash,v2,v1,verify_my_identity,66.84,review,keyword_miss,true,unable_to_verify_identity,false,4460,1.27176e-05
train_03979,Why hasn't the app verified my identity?,deepseek/deepseek-v4-flash,v2,v1,verify_my_identity,84.38,auto_accept,,false,unable_to_verify_identity,false,1905,1.27176e-05
train_03989,I'm still waiting on my identity verification.,deepseek/deepseek-v4-flash,v2,v1,verify_my_identity,99.73,auto_accept,,false,unable_to_verify_identity,false,1368,1.27176e-05
train_04001,i have yet to get my pin,deepseek/deepseek-v4-flash,v2,v1,get_physical_card,99.99,auto_accept,,false,get_physical_card,true,1750,1.26336e-05
train_04023,My card arrived but I don't know how to get my PIN.,deepseek/deepseek-v4-flash,v2,v1,get_physical_card,99.97,auto_accept,,false,get_physical_card,true,1603,1.28016e-05
train_04043,I didn't get a PIN yet. What gives?,deepseek/deepseek-v4-flash,v2,v1,get_physical_card,100.0,auto_accept,,false,get_physical_card,true,1939,1.27176e-05
train_04047,When will I have access to my pin number?,deepseek/deepseek-v4-flash,v2,v1,get_physical_card,99.66,auto_accept,,false,get_physical_card,true,3148,1.26896e-05
train_04058,Where can I find my PIN? I haven't gotten it yet.,deepseek/deepseek-v4-flash,v2,v1,get_physical_card,99.99,auto_accept,,false,get_physical_card,true,1244,1.28016e-05
train_04060,How do I know what my PIN is?,deepseek/deepseek-v4-flash,v2,v1,get_physical_card,99.87,auto_accept,,false,get_physical_card,true,1174,1.26616e-05
train_04112,If I can't choose my card type will I be able to use it everywhere?,deepseek/deepseek-v4-flash,v2,v1,card_acceptance,99.98,auto_accept,,false,visa_or_mastercard,false,1414,1.28856e-05
train_04127,would a visa or mastercard be more suited to me?,deepseek/deepseek-v4-flash,v2,v1,visa_or_mastercard,100.0,auto_accept,,false,visa_or_mastercard,true,1513,1.28576e-05
train_04132,Can I choose from either Visa or Mastercard?,deepseek/deepseek-v4-flash,v2,v1,visa_or_mastercard,100.0,auto_accept,,false,visa_or_mastercard,true,2400,1.28016e-05
train_04151,What cards do you offer?,deepseek/deepseek-v4-flash,v2,v1,supported_cards_and_currencies,99.3,auto_accept,,false,visa_or_mastercard,false,1182,1.27456e-05
train_04161,I'd like to apply for a Visa Card.,deepseek/deepseek-v4-flash,v2,v1,visa_or_mastercard,94.49,auto_accept,,false,visa_or_mastercard,true,1323,1.28016e-05
train_04169,Will the card be a Mastercard or a Visa?,deepseek/deepseek-v4-flash,v2,v1,visa_or_mastercard,100.0,auto_accept,,false,visa_or_mastercard,true,1214,1.28296e-05
train_04192,"Given a choice, I'd rather have Mastercard.",deepseek/deepseek-v4-flash,v2,v1,visa_or_mastercard,99.96,auto_accept,,false,visa_or_mastercard,true,2029,1.28296e-05
train_04209,Do I get Visa or Mastercard?,deepseek/deepseek-v4-flash,v2,v1,visa_or_mastercard,100.0,auto_accept,,false,visa_or_mastercard,true,1243,1.27456e-05
train_04245,Is my account able to be topped up by my friends?,deepseek/deepseek-v4-flash,v2,v1,top_up_by_card_charge,2.09,auto_accept,,false,topping_up_by_card,false,1702,1.28576e-05
train_04246,Can anyone else top-up for me?,deepseek/deepseek-v4-flash,v2,v1,topping_up_by_card,21.14,auto_accept,,false,topping_up_by_card,true,1349,1.26896e-05
train_04270,Is it simple to transfer money using my credit card?,deepseek/deepseek-v4-flash,v2,v1,transfer_into_account,47.57,auto_accept,,false,topping_up_by_card,false,2092,1.27176e-05
train_04332,I topped up my account but the money isn't there now.,deepseek/deepseek-v4-flash,v2,v1,top_up_failed,81.15,auto_accept,,false,topping_up_by_card,false,1483,1.27736e-05
train_04343,What are the guidelines for the disposable cards?,deepseek/deepseek-v4-flash,v2,v1,disposable_card_limits,99.94,auto_accept,,false,disposable_card_limits,true,1158,1.27176e-05
train_04352,Whats the maximum disposable virtual cards?,deepseek/deepseek-v4-flash,v2,v1,disposable_card_limits,97.69,auto_accept,,false,disposable_card_limits,true,1841,1.26616e-05
train_04367,I need to make several disposable cards per day.,deepseek/deepseek-v4-flash,v2,v1,disposable_card_limits,99.14,auto_accept,,false,disposable_card_limits,true,1283,1.27456e-05
train_04386,What are the restrictions on the virtual cards?,deepseek/deepseek-v4-flash,v2,v1,disposable_card_limits,98.88,auto_accept,,false,disposable_card_limits,true,5347,1.27176e-05
train_04407,How many active transactions can I make with a disposable card?,deepseek/deepseek-v4-flash,v2,v1,disposable_card_limits,100.0,auto_accept,,false,disposable_card_limits,true,1609,1.28016e-05
train_04415,I must make several disposable cards every day.,deepseek/deepseek-v4-flash,v2,v1,disposable_card_limits,62.2,auto_accept,,false,disposable_card_limits,true,1258,1.27176e-05
train_04474,Please tell me how you can stop unauthorized payments from being made on my card since on this bill I see that this has happened. There are transactions that I never made from a place I've never been to.,deepseek/deepseek-v4-flash,v2,v1,card_payment_not_recognised,61.35,auto_accept,,false,compromised_card,false,1315,1.37536e-05
train_04483,There is unusual activity on my account and I believe someone took my card.,deepseek/deepseek-v4-flash,v2,v1,lost_or_stolen_card,81.76,auto_accept,,false,compromised_card,false,3750,1.28856e-05
train_04518,What do I do if I think someone has used my card?,deepseek/deepseek-v4-flash,v2,v1,compromised_card,99.9,auto_accept,,false,compromised_card,true,3935,1.27736e-05
train_04522,"My card was used without my permission, what do I do?",deepseek/deepseek-v4-flash,v2,v1,compromised_card,99.48,auto_accept,,false,compromised_card,true,2009,1.27736e-05
train_04560,Can I use my card to withdraw from my account?,deepseek/deepseek-v4-flash,v2,v1,atm_support,77.33,auto_accept,,false,atm_support,true,2139,1.26616e-05
train_04565,Do I have to use bank approved ATM's,deepseek/deepseek-v4-flash,v2,v1,atm_support,99.94,auto_accept,,false,atm_support,true,1383,1.26336e-05
train_04608,Can this card be used at all ATMs?,deepseek/deepseek-v4-flash,v2,v1,atm_support,99.13,auto_accept,,false,atm_support,true,1318,1.26336e-05
train_04609,Are there any ATM's near me that accept this card?,deepseek/deepseek-v4-flash,v2,v1,atm_support,98.56,auto_accept,,false,atm_support,true,1044,1.26896e-05
train_04614,What ATMs can I use this card at?,deepseek/deepseek-v4-flash,v2,v1,atm_support,99.99,auto_accept,,false,atm_support,true,1201,1.26336e-05
train_04617,Where can I find a Mastercard ATM?,deepseek/deepseek-v4-flash,v2,v1,atm_support,99.99,auto_accept,,false,atm_support,true,1230,1.26056e-05
train_04625,Where can I find an ATM?,deepseek/deepseek-v4-flash,v2,v1,atm_support,100.0,auto_accept,,false,atm_support,true,1444,1.25496e-05
train_04657,I don't recognize the direct debit payment from the app.,deepseek/deepseek-v4-flash,v2,v1,direct_debit_payment_not_recognised,100.0,auto_accept,,false,direct_debit_payment_not_recognised,true,1379,1.30256e-05
train_04671,I don't know where a direct debit payment came from,deepseek/deepseek-v4-flash,v2,v1,direct_debit_payment_not_recognised,100.0,auto_accept,,false,direct_debit_payment_not_recognised,true,3607,1.30256e-05
train_04685,There is a direct debit transaction that I did not authorize,deepseek/deepseek-v4-flash,v2,v1,direct_debit_payment_not_recognised,100.0,auto_accept,,false,direct_debit_payment_not_recognised,true,1639,1.30256e-05
train_04689,How can I dispute a direct debit transaction?,deepseek/deepseek-v4-flash,v2,v1,direct_debit_payment_not_recognised,99.98,auto_accept,,false,direct_debit_payment_not_recognised,true,1306,1.29416e-05
train_04731,"I saw money was taken out of my account by a seller a while back. I do not recognize the seller, but I'm pretty certain I didn't make that payment. Can you track who the seller is?",deepseek/deepseek-v4-flash,v2,v1,card_payment_not_recognised,99.88,auto_accept,,false,direct_debit_payment_not_recognised,false,1143,1.37816e-05
train_04738,I didn't set up a direct debit payment on my account.,deepseek/deepseek-v4-flash,v2,v1,direct_debit_payment_not_recognised,100.0,auto_accept,,false,direct_debit_payment_not_recognised,true,1502,1.30536e-05
train_04755,Purchases I did not make are appearing in my bank statement?,deepseek/deepseek-v4-flash,v2,v1,card_payment_not_recognised,99.97,review,keyword_miss,true,direct_debit_payment_not_recognised,false,2039,1.29416e-05
train_04759,I didn't make the direct debit payment on my account.,deepseek/deepseek-v4-flash,v2,v1,direct_debit_payment_not_recognised,100.0,auto_accept,,false,direct_debit_payment_not_recognised,true,1103,1.30256e-05
train_04808,I checked my account and see that funds were deducted from a seller I didn't approve of. Can you help me understand?,deepseek/deepseek-v4-flash,v2,v1,card_payment_not_recognised,92.34,review,keyword_miss,true,direct_debit_payment_not_recognised,false,1650,1.32776e-05
train_04852,My passcode was denied.,deepseek/deepseek-v4-flash,v2,v1,passcode_forgotten,99.9,auto_accept,,false,passcode_forgotten,true,1823,1.26336e-05
train_04864,How can I reset the passcode if I need to do that?,deepseek/deepseek-v4-flash,v2,v1,passcode_forgotten,99.94,auto_accept,,false,passcode_forgotten,true,1074,1.28576e-05
train_04919,"I tried to withdraw cash and got declined, why is that?",deepseek/deepseek-v4-flash,v2,v1,declined_cash_withdrawal,100.0,auto_accept,,false,declined_cash_withdrawal,true,4631,1.28856e-05
train_04932,Why was my ATM withdrawal cancelled?,deepseek/deepseek-v4-flash,v2,v1,declined_cash_withdrawal,100.0,auto_accept,,false,declined_cash_withdrawal,true,2484,1.27176e-05
train_04938,The ATM keeps declining my Transaction . I tried two different ATMs already Would you please check if everything is okay with my account?,deepseek/deepseek-v4-flash,v2,v1,declined_cash_withdrawal,95.08,auto_accept,,false,declined_cash_withdrawal,true,4819,1.34736e-05
train_04950,Why are my withdrawals suddenly being declined?,deepseek/deepseek-v4-flash,v2,v1,declined_cash_withdrawal,100.0,auto_accept,,false,declined_cash_withdrawal,true,1009,1.27456e-05
train_04992,I attempted to get cash in the ATM but it was not authorized,deepseek/deepseek-v4-flash,v2,v1,declined_cash_withdrawal,100.0,auto_accept,,false,declined_cash_withdrawal,true,1024,1.29136e-05
train_04993,Is there something wrong with my ATM Card?  Tried using it earlier and it did not work.,deepseek/deepseek-v4-flash,v2,v1,card_not_working,99.74,auto_accept,,false,declined_cash_withdrawal,false,2206,1.29976e-05
train_05053,Is there something wrong with the ATM? It would not let me pull cash out of my account.,deepseek/deepseek-v4-flash,v2,v1,declined_cash_withdrawal,87.95,auto_accept,,false,declined_cash_withdrawal,true,1287,1.30816e-05
train_05062,Why was my cash withdrawal cancelled at the ATM?,deepseek/deepseek-v4-flash,v2,v1,declined_cash_withdrawal,100.0,auto_accept,,false,declined_cash_withdrawal,true,1871,1.28016e-05
train_05070,This is the first time I've tried to get my money out of an ATM and it didn't work. Please give me my money,deepseek/deepseek-v4-flash,v2,v1,declined_cash_withdrawal,99.44,auto_accept,,false,declined_cash_withdrawal,true,1825,1.33056e-05
train_05090,I was declined when I tried to take out cash!,deepseek/deepseek-v4-flash,v2,v1,declined_cash_withdrawal,100.0,auto_accept,,false,declined_cash_withdrawal,true,1575,1.28296e-05
train_05095,Is there a problem with the payment that I see is still pending?,deepseek/deepseek-v4-flash,v2,v1,pending_card_payment,95.06,auto_accept,,false,pending_card_payment,true,1245,1.28016e-05
train_05114,After making a payment with my card it doesn't seem to have worked. It's just showing to be pending. When will this actually be going through?,deepseek/deepseek-v4-flash,v2,v1,pending_card_payment,99.94,auto_accept,,false,pending_card_payment,true,1819,1.32776e-05
train_05129,Why is their a charge pending on my card still?,deepseek/deepseek-v4-flash,v2,v1,pending_card_payment,99.91,auto_accept,,false,pending_card_payment,true,2445,1.27176e-05
train_05137,It looks like a payment I've made hasn't made it through yet.,deepseek/deepseek-v4-flash,v2,v1,transfer_timing,0.01,review,keyword_miss,true,pending_card_payment,false,2281,1.27736e-05
train_05192,Why would my payment for my card show as pending?,deepseek/deepseek-v4-flash,v2,v1,pending_card_payment,99.97,auto_accept,,false,pending_card_payment,true,3731,1.27176e-05
train_05212,How long does it actually take for a card payment to go through? There's one stuck since a couple of days already that doesn't seem to move,deepseek/deepseek-v4-flash,v2,v1,pending_card_payment,100.0,auto_accept,,false,pending_card_payment,true,6052,1.32776e-05
train_05272,I left my phone somewhere and can't use the app.,deepseek/deepseek-v4-flash,v2,v1,lost_or_stolen_phone,100.0,auto_accept,,false,lost_or_stolen_phone,true,3263,1.28576e-05
train_05338,"My phone got stolen, how can I use the app?",deepseek/deepseek-v4-flash,v2,v1,lost_or_stolen_phone,99.99,auto_accept,,false,lost_or_stolen_phone,true,1361,1.28576e-05
train_05377,"I am not sure how this will work, but I have not received a product I ordered.  I want a refund, but should I just cancel the payment?",deepseek/deepseek-v4-flash,v2,v1,request_refund,98.41,auto_accept,,false,request_refund,true,1649,1.32776e-05
train_05389,I am quite aggravated that I ordered online almost a month ago and I never got my package and I paid for it. I would really appreciate it if I could get a full refund back now.,deepseek/deepseek-v4-flash,v2,v1,request_refund,99.2,auto_accept,,false,request_refund,true,1321,1.34456e-05
train_05406,"If I bought something I didn't like, can I get a refund?",deepseek/deepseek-v4-flash,v2,v1,request_refund,99.99,auto_accept,,false,request_refund,true,2305,1.27736e-05
train_05457,Can I get a refund on an item?,deepseek/deepseek-v4-flash,v2,v1,request_refund,99.99,auto_accept,,false,request_refund,true,1584,1.26056e-05
train_05474,"I don't want to buy this car anymore, can I cancel the transaction and get a quick refund back?",deepseek/deepseek-v4-flash,v2,v1,cancel_transfer,77.63,auto_accept,,false,request_refund,false,1201,1.29696e-05
train_05492,"the product is not working, can I get a refund?",deepseek/deepseek-v4-flash,v2,v1,request_refund,99.97,auto_accept,,false,request_refund,true,1082,1.26896e-05
train_05506,"I just bought an item and would like to stop payment, is this possible?  The item has not been received yet.",deepseek/deepseek-v4-flash,v2,v1,cancel_transfer,99.9,auto_accept,,false,request_refund,false,1241,1.30536e-05
train_05550,I have transfered to my account before but it is being declined now?,deepseek/deepseek-v4-flash,v2,v1,declined_transfer,99.77,auto_accept,,false,declined_transfer,true,1182,1.28296e-05
train_05570,I tried to buy something online yesterday but it kept saying declined. Tried another time today but same thing happened. What's Broken?,deepseek/deepseek-v4-flash,v2,v1,declined_card_payment,100.0,auto_accept,,false,declined_transfer,false,3580,1.32216e-05
train_05573,Why am I getting declines when trying to make a purchase online?,deepseek/deepseek-v4-flash,v2,v1,declined_card_payment,100.0,review,keyword_miss,true,declined_transfer,false,1281,1.28296e-05
train_05589,Why are my transfers getting declined?,deepseek/deepseek-v4-flash,v2,v1,declined_transfer,99.99,auto_accept,,false,declined_transfer,true,3545,1.26056e-05
train_05617,I tried to do a transfer but I got a message that it was declined.,deepseek/deepseek-v4-flash,v2,v1,declined_transfer,99.99,auto_accept,,false,declined_transfer,true,4552,1.28576e-05
train_05665,"My transfers keep on getting declined. My card was working fine up until now, however it has suddenly stopped working. Why is this?",deepseek/deepseek-v4-flash,v2,v1,declined_transfer,87.69,auto_accept,,false,declined_transfer,true,1756,1.31656e-05
train_05702,"My refund has not arrived, and I am unsure why. Who do I contact?",deepseek/deepseek-v4-flash,v2,v1,Refund_not_showing_up,99.43,auto_accept,,false,Refund_not_showing_up,true,3881,1.29976e-05
train_05706,How can I check if I have received a refund if it is not yet on my statement?,deepseek/deepseek-v4-flash,v2,v1,Refund_not_showing_up,97.26,auto_accept,,false,Refund_not_showing_up,true,4218,1.30536e-05
train_05712,"Hi, Last week I have contacted the seller for a refund as directed by you, but i have not received the money yet. Please look into this issue with seller and help me in getting the refund.",deepseek/deepseek-v4-flash,v2,v1,request_refund,63.49,auto_accept,,false,Refund_not_showing_up,false,8194,1.35016e-05
train_05747,I cannot find my refund on my statement.,deepseek/deepseek-v4-flash,v2,v1,Refund_not_showing_up,99.64,auto_accept,,false,Refund_not_showing_up,true,3246,1.27736e-05
train_05748,"I have received my statement but I do not see my refund, why is that?",deepseek/deepseek-v4-flash,v2,v1,Refund_not_showing_up,98.89,auto_accept,,false,Refund_not_showing_up,true,1315,1.29976e-05
train_05836,I'm not sure why my card didn't work,deepseek/deepseek-v4-flash,v2,v1,card_not_working,99.33,auto_accept,,false,declined_card_payment,false,2049,1.27176e-05
train_05837,My card is not working at stores.,deepseek/deepseek-v4-flash,v2,v1,card_not_working,98.51,auto_accept,,false,declined_card_payment,false,1210,1.26336e-05
train_05839,Why isn't my card working? I was pumped to use my new card but it keeps getting declined. Help please.,deepseek/deepseek-v4-flash,v2,v1,declined_card_payment,67.89,auto_accept,,false,declined_card_payment,true,1226,1.31376e-05
train_05846,What are the reasons why a card payment would be declined?,deepseek/deepseek-v4-flash,v2,v1,declined_card_payment,99.98,auto_accept,,false,declined_card_payment,true,1238,1.28016e-05
train_05856,"Apparently, I went out today to use my new card and was informed my payment was decline. This is really embarrassing, what happen?",deepseek/deepseek-v4-flash,v2,v1,declined_card_payment,100.0,auto_accept,,false,declined_card_payment,true,1598,1.32216e-05
train_05859,Why was my card declined in a shop?,deepseek/deepseek-v4-flash,v2,v1,declined_card_payment,100.0,auto_accept,,false,declined_card_payment,true,1214,1.27176e-05
train_05903,Why won't you accept my payment? I keep trying with this card and it's not working.,deepseek/deepseek-v4-flash,v2,v1,declined_card_payment,98.89,auto_accept,,false,declined_card_payment,true,1019,1.30256e-05
train_05909,Can you tell me why my card payment did not work?,deepseek/deepseek-v4-flash,v2,v1,declined_card_payment,100.0,auto_accept,,false,declined_card_payment,true,1213,1.28016e-05
train_05911,I could not get my card to work at a shop.,deepseek/deepseek-v4-flash,v2,v1,card_not_working,14.8,auto_accept,,false,declined_card_payment,false,2873,1.27456e-05
train_05957,"I keep trying to make a payment, but it doesn't work.",deepseek/deepseek-v4-flash,v2,v1,declined_card_payment,99.97,auto_accept,,false,declined_card_payment,true,1050,1.28576e-05
train_05969,"I know there's money in my account, why did my account decline me?",deepseek/deepseek-v4-flash,v2,v1,declined_cash_withdrawal,8.88,review,keyword_miss,true,declined_card_payment,false,1361,1.29696e-05
train_05987,My card payment was not successful.,deepseek/deepseek-v4-flash,v2,v1,declined_card_payment,100.0,auto_accept,,false,declined_card_payment,true,1513,1.26616e-05
train_05991,"Transfers can take up to one day to process before departing for the beneficiary accounts. Please confirm that you've entered your account details correctly. SEPA transfers can take up to two working days, while SWIFT transfers can take up to five working days.",deepseek/deepseek-v4-flash,v2,v1,transfer_timing,99.99,auto_accept,,false,pending_transfer,false,2421,1.37816e-05
train_05993,"How long do transfers take, mine just says pending?",deepseek/deepseek-v4-flash,v2,v1,transfer_timing,98.2,auto_accept,,false,pending_transfer,false,1520,1.26616e-05
train_06001,"I transferred money to another country several days ago, but my transaction is still pending. i have checked that the accounts are keyed in correctly. what sees to be the problem?",deepseek/deepseek-v4-flash,v2,v1,pending_transfer,98.68,auto_accept,,false,pending_transfer,true,2060,1.33616e-05
train_06008,My payment shows that it is pending will I be charged more money?,deepseek/deepseek-v4-flash,v2,v1,pending_card_payment,99.91,auto_accept,,false,pending_transfer,false,1221,1.28016e-05
train_06018,Why is my transfer pending?,deepseek/deepseek-v4-flash,v2,v1,pending_transfer,99.98,auto_accept,,false,pending_transfer,true,3265,1.25216e-05
train_06022,What is going on? I have checked over and over and the details of my account are right. Why is my transfer still pending? It's 2018 not 1818. Transfering money to another country can't be that hard.,deepseek/deepseek-v4-flash,v2,v1,pending_transfer,97.22,auto_accept,,false,pending_transfer,true,1391,1.37256e-05
train_06055,How come I have pending transfers?,deepseek/deepseek-v4-flash,v2,v1,pending_transfer,100.0,auto_accept,,false,pending_transfer,true,2419,1.25496e-05
train_06065,I am still waiting for a transfer to show,deepseek/deepseek-v4-flash,v2,v1,pending_transfer,72.26,auto_accept,,false,pending_transfer,true,1208,1.26336e-05
train_06066,When will my transfer move from pending to confirmed?,deepseek/deepseek-v4-flash,v2,v1,pending_transfer,99.8,auto_accept,,false,pending_transfer,true,2975,1.26336e-05
train_06069,I have a transfer that is pending.,deepseek/deepseek-v4-flash,v2,v1,pending_transfer,100.0,auto_accept,,false,pending_transfer,true,1268,1.25776e-05
train_06079,How long will my transfer be pending?,deepseek/deepseek-v4-flash,v2,v1,transfer_timing,37.75,auto_accept,,false,pending_transfer,false,1362,1.25776e-05
train_06114,there is a transfer pending.,deepseek/deepseek-v4-flash,v2,v1,pending_transfer,100.0,auto_accept,,false,pending_transfer,true,1140,1.25216e-05
train_06119,"It seems like I have been waiting forever for this international transfer. Why is it taking so long? C'mon, it's 2018, things happen at a click of a button. All of the account information is correct, so how long will this take?",deepseek/deepseek-v4-flash,v2,v1,transfer_timing,100.0,auto_accept,,false,pending_transfer,false,1309,1.38656e-05
train_06134,I need to know why a money transfer is available.,deepseek/deepseek-v4-flash,v2,v1,transfer_timing,73.56,auto_accept,,false,pending_transfer,false,1522,1.26616e-05
train_06148,"I need to delete my account, please.",deepseek/deepseek-v4-flash,v2,v1,terminate_account,100.0,auto_accept,,false,terminate_account,true,1119,1.26056e-05
train_06152,How do I close my account?,deepseek/deepseek-v4-flash,v2,v1,terminate_account,100.0,auto_accept,,false,terminate_account,true,3793,1.25496e-05
train_06203,How can I close my account?,deepseek/deepseek-v4-flash,v2,v1,terminate_account,100.0,auto_accept,,false,terminate_account,true,1265,1.25496e-05
train_06220,Your service is bad.  Close my account.,deepseek/deepseek-v4-flash,v2,v1,terminate_account,100.0,auto_accept,,false,terminate_account,true,1213,1.26336e-05
train_06223,I wish to remove my account.,deepseek/deepseek-v4-flash,v2,v1,terminate_account,100.0,auto_accept,,false,terminate_account,true,2711,1.25496e-05
train_06249,What do I do if I can't get my card out of the ATM?,deepseek/deepseek-v4-flash,v2,v1,atm_support,93.99,auto_accept,,false,card_swallowed,false,1372,1.28016e-05
train_06271,How do I get my card out of the ATM?,deepseek/deepseek-v4-flash,v2,v1,atm_support,99.75,auto_accept,,false,card_swallowed,false,1028,1.26616e-05
train_06292,How do I get a new card as your machine swallowed mine!,deepseek/deepseek-v4-flash,v2,v1,card_swallowed,99.96,auto_accept,,false,card_swallowed,true,1174,1.27736e-05
train_06311,How do I query a payment on my card? It looks like I have paid for the same thing twice.,deepseek/deepseek-v4-flash,v2,v1,transaction_charged_twice,99.24,auto_accept,,false,transaction_charged_twice,true,2015,1.31376e-05
train_06321,"I was charged twice for a restaurant, can you take the second charge off?",deepseek/deepseek-v4-flash,v2,v1,transaction_charged_twice,99.82,auto_accept,,false,transaction_charged_twice,true,1213,1.29696e-05
train_06325,How do I get my money back for a duplicated charge?,deepseek/deepseek-v4-flash,v2,v1,request_refund,72.64,review,keyword_miss,true,transaction_charged_twice,false,1789,1.26896e-05
train_06351,"Looks like my card payment was duplicated after all. I went to pay at the store earlier, got declined once, second time it works. App still stays pending for one of the payments. Can you please remove one of them as it's wrong and clearly was declined?",deepseek/deepseek-v4-flash,v2,v1,reverted_card_payment?,44.25,auto_accept,,false,transaction_charged_twice,false,1311,1.39776e-05
train_06385,My account is showing a double charge.,deepseek/deepseek-v4-flash,v2,v1,transaction_charged_twice,100.0,auto_accept,,false,transaction_charged_twice,true,1227,1.27456e-05
train_06398,There is the same transaction showing more than once.,deepseek/deepseek-v4-flash,v2,v1,transaction_charged_twice,98.77,auto_accept,,false,transaction_charged_twice,true,1277,1.28016e-05
train_06412,I received duplicate charges.,deepseek/deepseek-v4-flash,v2,v1,transaction_charged_twice,100.0,auto_accept,,false,transaction_charged_twice,true,3145,1.26616e-05
train_06427,My statement shows different transaction times.,deepseek/deepseek-v4-flash,v2,v1,extra_charge_on_statement,63.03,auto_accept,,false,transaction_charged_twice,false,21099,1.27176e-05
train_06452,"Hey there, I just went through my most recent credit card payments and I notice the same charge for a restaurant was processed twice. There was only one meal at this place, so I would like one of the charges to be reversed and my money to be put back in the account.",deepseek/deepseek-v4-flash,v2,v1,transaction_charged_twice,98.48,auto_accept,,false,transaction_charged_twice,true,1333,1.41176e-05
train_06460,"Looks like my card payment was duplicated after all. I went to pay at the store earlier, got declined once,second time it works. App still stays pending for one of the payments. Can you please remove one of them as it's wrong and was declined?",deepseek/deepseek-v4-flash,v2,v1,reverted_card_payment?,53.64,auto_accept,,false,transaction_charged_twice,false,1467,1.39496e-05
train_06473,I have been charged twice for the same thing!,deepseek/deepseek-v4-flash,v2,v1,transaction_charged_twice,100.0,auto_accept,,false,transaction_charged_twice,true,1352,1.28016e-05
train_06475,Why is there a payment showing twice?,deepseek/deepseek-v4-flash,v2,v1,transaction_charged_twice,99.97,auto_accept,,false,transaction_charged_twice,true,1142,1.27456e-05
train_06478,My account seems a bit off and getting weird charges.,deepseek/deepseek-v4-flash,v2,v1,extra_charge_on_statement,98.93,review,keyword_miss,true,transaction_charged_twice,false,2352,1.28296e-05
train_06496,where to i get my funds from?,deepseek/deepseek-v4-flash,v2,v1,receiving_money,99.53,review,keyword_miss,true,verify_source_of_funds,false,2570,1.26336e-05
train_06537,Where can I see where my funds came from?,deepseek/deepseek-v4-flash,v2,v1,verify_source_of_funds,37.46,auto_accept,,false,verify_source_of_funds,true,1224,1.27456e-05
train_06547,Can you tell me how to tell where my funds come from?,deepseek/deepseek-v4-flash,v2,v1,verify_source_of_funds,99.99,auto_accept,,false,verify_source_of_funds,true,1136,1.28296e-05
train_06553,where can I get the info for my funds,deepseek/deepseek-v4-flash,v2,v1,receiving_money,66.62,review,keyword_miss,true,verify_source_of_funds,false,2766,1.26896e-05
train_06555,Is there a way to lookup where funds came from?,deepseek/deepseek-v4-flash,v2,v1,verify_source_of_funds,99.9,auto_accept,,false,verify_source_of_funds,true,1812,1.27736e-05
train_06561,How can I tell the source for my available funds?,deepseek/deepseek-v4-flash,v2,v1,verify_source_of_funds,99.99,auto_accept,,false,verify_source_of_funds,true,1029,1.27736e-05
train_06568,where did my funds come from?,deepseek/deepseek-v4-flash,v2,v1,receiving_money,92.25,review,keyword_miss,true,verify_source_of_funds,false,1013,1.26056e-05
train_06586,What do I do to verify my source of funds?,deepseek/deepseek-v4-flash,v2,v1,verify_source_of_funds,100.0,auto_accept,,false,verify_source_of_funds,true,1825,1.27736e-05
train_06670,I need to urgently transfer something from China. How long will it approximately take?,deepseek/deepseek-v4-flash,v2,v1,transfer_timing,99.97,auto_accept,,false,transfer_timing,true,2465,1.28016e-05
train_06693,When can I expect the transfer to arrive in my account?,deepseek/deepseek-v4-flash,v2,v1,transfer_timing,99.98,auto_accept,,false,transfer_timing,true,1236,1.26896e-05
train_06720,How long does it take to make an urgent transfer from China?,deepseek/deepseek-v4-flash,v2,v1,transfer_timing,99.99,auto_accept,,false,transfer_timing,true,1257,1.27176e-05
train_06726,Tell me why my card payment would be reverted.,deepseek/deepseek-v4-flash,v2,v1,reverted_card_payment?,99.99,auto_accept,,false,reverted_card_payment?,true,1089,1.27736e-05
train_06728,I didn't cancel my card payment.,deepseek/deepseek-v4-flash,v2,v1,pending_card_payment,2.18,auto_accept,,false,reverted_card_payment?,false,1441,1.26336e-05
train_06730,How come the money from the merchant appeared back into my account?,deepseek/deepseek-v4-flash,v2,v1,reverted_card_payment?,99.45,auto_accept,,false,reverted_card_payment?,true,1630,1.28296e-05
train_06768,I had a payment reverted and would like to figure out why.,deepseek/deepseek-v4-flash,v2,v1,reverted_card_payment?,99.92,auto_accept,,false,reverted_card_payment?,true,1377,1.28576e-05
train_06774,I was checking my statement and I think one of my card payments has reverted,deepseek/deepseek-v4-flash,v2,v1,reverted_card_payment?,100.0,auto_accept,,false,reverted_card_payment?,true,1317,1.29416e-05
train_06785,I just found out from the seller that my money didn't go through. I checked my account and it was deducted at first but now it's back in my account. Can you  please fix this for me quickly?,deepseek/deepseek-v4-flash,v2,v1,failed_transfer,54.1,review,keyword_miss,true,reverted_card_payment?,false,1296,1.35856e-05
train_06803,I purchased something about one to two weeks ago but for some reason the payment was returned to my account today even though I've already received one of the items. Can you tell me what's going on?,deepseek/deepseek-v4-flash,v2,v1,reverted_card_payment?,89.79,auto_accept,,false,reverted_card_payment?,true,2581,1.36136e-05
train_06804,"I've got a problem - I bought something with my card one or two weeks ago, but now exact same amount of the purchase is showing up in my account. I like more money in my account, but this is too good to be true. Can you tell me what's happening?",deepseek/deepseek-v4-flash,v2,v1,reverted_card_payment?,99.1,auto_accept,,false,reverted_card_payment?,true,1013,1.40896e-05
train_06811,Can you tell me why my card isn't letting me make purchases online? It's been 2 weeks I've been trying.,deepseek/deepseek-v4-flash,v2,v1,declined_card_payment,88.07,auto_accept,,false,reverted_card_payment?,false,1393,1.31936e-05
train_06815,My card payment's cancelled,deepseek/deepseek-v4-flash,v2,v1,cancel_transfer,14.32,review,keyword_miss,true,reverted_card_payment?,false,1045,1.25216e-05
train_06829,I received a returned payment that I made.,deepseek/deepseek-v4-flash,v2,v1,failed_transfer,82.14,review,keyword_miss,true,reverted_card_payment?,false,1284,1.26056e-05
train_06830,Why did the funds for one of my purchase come back to my account?,deepseek/deepseek-v4-flash,v2,v1,reverted_card_payment?,97.06,auto_accept,,false,reverted_card_payment?,true,1148,1.28856e-05
train_06832,It looks like my card payment was sent back.,deepseek/deepseek-v4-flash,v2,v1,reverted_card_payment?,99.97,auto_accept,,false,reverted_card_payment?,true,1886,1.27456e-05
train_06875,I am not able to purchase anything online! I have been using my card on multiple sites over a period of two weeks and none of the payments have gone through. Why is this happening?,deepseek/deepseek-v4-flash,v2,v1,declined_card_payment,99.97,auto_accept,,false,reverted_card_payment?,false,1899,1.35296e-05
train_06883,Is it possible for me to change my PIN number?,deepseek/deepseek-v4-flash,v2,v1,change_pin,100.0,auto_accept,,false,change_pin,true,1200,1.26616e-05
train_06890,If I want to can I set up a new PIN?,deepseek/deepseek-v4-flash,v2,v1,change_pin,99.99,auto_accept,,false,change_pin,true,2254,1.26896e-05
train_06901,If i want to change my pin number can I directly from an ATM?,deepseek/deepseek-v4-flash,v2,v1,change_pin,99.99,auto_accept,,false,change_pin,true,1156,1.27736e-05
train_06903,Can I change my PIN at any ATM?,deepseek/deepseek-v4-flash,v2,v1,change_pin,99.98,auto_accept,,false,change_pin,true,1712,1.26056e-05
train_06911,What cash machines will let me change my PIN?,deepseek/deepseek-v4-flash,v2,v1,change_pin,88.0,auto_accept,,false,change_pin,true,2608,1.26336e-05
train_06972,How can I change my old pin to a new one?,deepseek/deepseek-v4-flash,v2,v1,change_pin,100.0,auto_accept,,false,change_pin,true,1003,4.7096e-05
train_06978,Can my PIN be changed in any cash machine?,deepseek/deepseek-v4-flash,v2,v1,change_pin,100.0,auto_accept,,false,change_pin,true,1423,4.704e-05
train_06992,Do I have to go to an actual bank to change my PIN?,deepseek/deepseek-v4-flash,v2,v1,change_pin,100.0,auto_accept,,false,change_pin,true,4668,1.27456e-05
train_06993,"Can I change my pin at ATMs?  If so, what ones?",deepseek/deepseek-v4-flash,v2,v1,change_pin,99.99,auto_accept,,false,change_pin,true,3963,1.28016e-05
train_07001,At what ATM can I change my PIN?,deepseek/deepseek-v4-flash,v2,v1,change_pin,99.98,auto_accept,,false,change_pin,true,4226,1.26056e-05
train_07020,I tried to transfer funds to a beneficiary and was denied. Can you tell me why?,deepseek/deepseek-v4-flash,v2,v1,beneficiary_not_allowed,99.14,auto_accept,,false,beneficiary_not_allowed,true,11111,1.30256e-05
train_07023,Why am I not allowed to add a certain beneficiary?,deepseek/deepseek-v4-flash,v2,v1,beneficiary_not_allowed,100.0,auto_accept,,false,beneficiary_not_allowed,true,3685,1.28296e-05
train_07076,A transfer was not allowed to an account.,deepseek/deepseek-v4-flash,v2,v1,beneficiary_not_allowed,99.99,auto_accept,,false,beneficiary_not_allowed,true,1516,1.27736e-05
train_07111,Why am I unable to transfer money when I was able to before?,deepseek/deepseek-v4-flash,v2,v1,declined_transfer,99.29,auto_accept,,false,beneficiary_not_allowed,false,1301,1.28016e-05
train_07159,beneficiary transfer problems?,deepseek/deepseek-v4-flash,v2,v1,beneficiary_not_allowed,99.91,auto_accept,,false,beneficiary_not_allowed,true,1486,1.26896e-05
train_07172,During the last month I used this account to make payments for my place abroad. I noticed the fees have increased and I wonder why. Shouldn't frequent users have less fees as incentive to keep using instead of increasing them out of nowhere?,deepseek/deepseek-v4-flash,v2,v1,exchange_charge,10.2,review,keyword_miss,true,transfer_fee_charged,false,1905,1.36976e-05
train_07194,Why was I charged an extra fee when doing a transfer?,deepseek/deepseek-v4-flash,v2,v1,transfer_fee_charged,99.59,auto_accept,,false,transfer_fee_charged,true,1269,1.30256e-05
train_07207,Why has transferring money resulted in a charge?,deepseek/deepseek-v4-flash,v2,v1,transfer_fee_charged,99.93,auto_accept,,false,transfer_fee_charged,true,5689,1.27176e-05
train_07209,How much do I have to pay if I want to transfer money?,deepseek/deepseek-v4-flash,v2,v1,transfer_fee_charged,98.54,auto_accept,,false,transfer_fee_charged,true,1959,1.28576e-05
train_07217,Why was I charged this extra fee while doing a transfer?,deepseek/deepseek-v4-flash,v2,v1,transfer_fee_charged,99.31,auto_accept,,false,transfer_fee_charged,true,1493,1.28016e-05
train_07255,I did a transfer and I was charged a fee that shouldn't be there!,deepseek/deepseek-v4-flash,v2,v1,transfer_fee_charged,99.92,auto_accept,,false,transfer_fee_charged,true,1387,1.29136e-05
train_07263,Why was there an extra charge when I transferred money?,deepseek/deepseek-v4-flash,v2,v1,transfer_fee_charged,79.65,auto_accept,,false,transfer_fee_charged,true,2129,1.27736e-05
train_07289,"After reviewing my charges, I see I was charged a fee for a transfer I did, why?",deepseek/deepseek-v4-flash,v2,v1,transfer_fee_charged,99.99,auto_accept,,false,transfer_fee_charged,true,1972,1.30256e-05
train_07304,"After a transfer, I see an extra fee.  Why?",deepseek/deepseek-v4-flash,v2,v1,transfer_fee_charged,95.88,auto_accept,,false,transfer_fee_charged,true,2445,1.28296e-05
train_07354,My salary is deposited in GBP. Do I need to choose the currency?,deepseek/deepseek-v4-flash,v2,v1,fiat_currency_support,67.44,auto_accept,,false,receiving_money,false,3742,1.29416e-05
train_07371,Can I receive money in a different countries money?,deepseek/deepseek-v4-flash,v2,v1,receiving_money,85.12,auto_accept,,false,receiving_money,true,1957,1.26896e-05
train_07382,Can I get paid for this in another currency?,deepseek/deepseek-v4-flash,v2,v1,exchange_rate,59.83,review,keyword_miss,true,receiving_money,false,1445,1.25776e-05
train_07387,Can this app take my salary?,deepseek/deepseek-v4-flash,v2,v1,receiving_money,99.23,auto_accept,,false,receiving_money,true,1416,1.26056e-05
train_07401,How can I receive my salary in another currency?,deepseek/deepseek-v4-flash,v2,v1,receiving_money,85.7,auto_accept,,false,receiving_money,true,4406,1.26896e-05
train_07432,"I have made 5 attempts to make a very standard survey, yet I can't get it to work. What is the problem? Is there an issue related to your system?",deepseek/deepseek-v4-flash,v2,v1,failed_transfer,72.81,auto_accept,,false,failed_transfer,true,2000,1.33616e-05
train_07448,I really need some help to understand why my transfer keeps failing. I'm trying to send money to a friend. Please help.,deepseek/deepseek-v4-flash,v2,v1,declined_transfer,98.19,auto_accept,,false,failed_transfer,false,6603,1.31376e-05
train_07450,"Hi, I am currently in the process of buying a flat and I am waiting for the mortgage to go through but it keeps showing up as an error.  Do you know what could be causing this and can you help me get the money over.",deepseek/deepseek-v4-flash,v2,v1,declined_transfer,91.61,review,keyword_miss,true,failed_transfer,false,1283,1.38096e-05
train_07475,"Hi there, I've tried to make a transfer 5 different times and its not working. Is your system down or something?",deepseek/deepseek-v4-flash,v2,v1,declined_transfer,81.75,auto_accept,,false,failed_transfer,false,1315,1.31376e-05
train_07512,I'm trying to purchase a flat but i need my first payment for my mortgage to go through first. I keep getting an error. I'm not sure what is going on but i need help making this transfer.,deepseek/deepseek-v4-flash,v2,v1,declined_transfer,98.89,auto_accept,,false,failed_transfer,false,1150,1.36136e-05
train_07548,I need to know what is going on. I'm attempting to purchase a flat and need the money to pay on my initial mortgage payment. I'm only getting an error. Can you find out what's going on and help in making the transfer?,deepseek/deepseek-v4-flash,v2,v1,declined_transfer,96.16,auto_accept,,false,failed_transfer,false,1624,1.38096e-05
train_07552,I am unsuccessfully trying to make a transfer can you help?,deepseek/deepseek-v4-flash,v2,v1,failed_transfer,18.24,auto_accept,,false,failed_transfer,true,121698,1.27176e-05
train_07580,How can my account have money transferred into it?,deepseek/deepseek-v4-flash,v2,v1,transfer_into_account,93.99,auto_accept,,false,transfer_into_account,true,2239,1.26896e-05
train_07646,Help! My account doesn't show any funds. Is transferring funds an option I can use?,deepseek/deepseek-v4-flash,v2,v1,transfer_into_account,32.4,auto_accept,,false,transfer_into_account,true,1499,1.29416e-05
train_07647,How do I transfer cash my into my account?,deepseek/deepseek-v4-flash,v2,v1,transfer_into_account,97.75,auto_accept,,false,transfer_into_account,true,1812,1.26896e-05
train_07661,Can you please explain the topping up transfer process?,deepseek/deepseek-v4-flash,v2,v1,topping_up_by_card,81.72,auto_accept,,false,transfer_into_account,false,1225,1.27456e-05
train_07684,How can I verify my top-up card?,deepseek/deepseek-v4-flash,v2,v1,verify_top_up,100.0,auto_accept,,false,verify_top_up,true,1135,1.26056e-05
train_07696,Where can I find the top up verification code?,deepseek/deepseek-v4-flash,v2,v1,verify_top_up,100.0,auto_accept,,false,verify_top_up,true,1053,1.26336e-05
train_07753,Is the verification number on the top up card,deepseek/deepseek-v4-flash,v2,v1,verify_top_up,99.83,auto_accept,,false,verify_top_up,true,2167,1.26336e-05
train_07769,Why should I verify the top-up?,deepseek/deepseek-v4-flash,v2,v1,verify_top_up,85.09,auto_accept,,false,verify_top_up,true,1736,1.25776e-05
train_07799,I need help finding the verification code on the top up card.,deepseek/deepseek-v4-flash,v2,v1,verify_top_up,99.26,auto_accept,,false,verify_top_up,true,1067,1.27176e-05
train_07812,What's the limit on total number of cards I can have?,deepseek/deepseek-v4-flash,v2,v1,disposable_card_limits,53.58,auto_accept,,false,getting_spare_card,false,3693,1.28296e-05
train_07825,Do you charge for sending out more cards?,deepseek/deepseek-v4-flash,v2,v1,getting_spare_card,65.68,auto_accept,,false,getting_spare_card,true,1073,1.26616e-05
train_07852,I'd like to have extra cards. Will I have to pay for that?,deepseek/deepseek-v4-flash,v2,v1,getting_spare_card,89.43,auto_accept,,false,getting_spare_card,true,1808,1.28576e-05
train_07911,Is it possible to have a second card?,deepseek/deepseek-v4-flash,v2,v1,getting_spare_card,97.48,auto_accept,,false,getting_spare_card,true,1592,1.26616e-05
train_07924,I want a backup second card. Is this possible?,deepseek/deepseek-v4-flash,v2,v1,getting_spare_card,99.68,auto_accept,,false,getting_spare_card,true,1482,1.27176e-05
train_07934,Do you have any options to top up with a cheque on my account?,deepseek/deepseek-v4-flash,v2,v1,top_up_by_cash_or_cheque,99.98,auto_accept,,false,top_up_by_cash_or_cheque,true,2485,1.31096e-05
train_07949,How do I use a cheque to top up?,deepseek/deepseek-v4-flash,v2,v1,top_up_by_cash_or_cheque,99.99,auto_accept,,false,top_up_by_cash_or_cheque,true,1311,1.29696e-05
train_07963,Who do I make a check out to if I want to top off my account?,deepseek/deepseek-v4-flash,v2,v1,top_up_by_cash_or_cheque,98.8,auto_accept,,false,top_up_by_cash_or_cheque,true,1939,1.31656e-05
train_07983,Can cash be used in physical locations to top up?,deepseek/deepseek-v4-flash,v2,v1,top_up_by_cash_or_cheque,97.64,auto_accept,,false,top_up_by_cash_or_cheque,true,1615,1.29976e-05
train_08019,Can I add to my account using a cheque?,deepseek/deepseek-v4-flash,v2,v1,top_up_by_cash_or_cheque,99.99,auto_accept,,false,top_up_by_cash_or_cheque,true,2124,1.29696e-05
train_08030,i have been trying to top up my account with a check but it won't work,deepseek/deepseek-v4-flash,v2,v1,top_up_by_cash_or_cheque,96.95,auto_accept,,false,top_up_by_cash_or_cheque,true,1402,1.31936e-05
train_08031,How do I add cash to my account?,deepseek/deepseek-v4-flash,v2,v1,top_up_by_cash_or_cheque,98.59,auto_accept,,false,top_up_by_cash_or_cheque,true,3067,1.29416e-05
train_08048,Where can the cards be delivered?,deepseek/deepseek-v4-flash,v2,v1,card_arrival,11.91,auto_accept,,false,order_physical_card,false,1607,1.25496e-05
train_08072,Is a physical card also available,deepseek/deepseek-v4-flash,v2,v1,order_physical_card,96.19,auto_accept,,false,order_physical_card,true,2543,1.26056e-05
train_08080,Where are the cards delivered to,deepseek/deepseek-v4-flash,v2,v1,card_arrival,73.09,auto_accept,,false,order_physical_card,false,1542,1.25496e-05
train_08117,Can I get an actual card,deepseek/deepseek-v4-flash,v2,v1,order_physical_card,95.25,auto_accept,,false,order_physical_card,true,3734,1.26056e-05
train_08126,I would really like a physical card.,deepseek/deepseek-v4-flash,v2,v1,order_physical_card,98.2,auto_accept,,false,order_physical_card,true,2600,1.26336e-05
train_08153,How much is a physical card?,deepseek/deepseek-v4-flash,v2,v1,order_physical_card,87.81,auto_accept,,false,order_physical_card,true,979,1.26056e-05
train_08163,Where are the cards transported to?,deepseek/deepseek-v4-flash,v2,v1,card_arrival,73.05,review,keyword_miss,true,order_physical_card,false,1233,1.25496e-05
train_08178,Is there a reason why my virtual card won't work?,deepseek/deepseek-v4-flash,v2,v1,virtual_card_not_working,100.0,auto_accept,,false,virtual_card_not_working,true,1603,1.28016e-05
train_08184,How do I get this damn virtual card to work?,deepseek/deepseek-v4-flash,v2,v1,virtual_card_not_working,99.94,auto_accept,,false,virtual_card_not_working,true,1926,1.27736e-05
train_08201,I tried to use my disposable virtual card to pay a subscription to the gym and it got rejected. Any ideas why?,deepseek/deepseek-v4-flash,v2,v1,declined_card_payment,98.15,auto_accept,,false,virtual_card_not_working,false,1492,1.31376e-05
train_08206,I have a disposable card but it does not work?,deepseek/deepseek-v4-flash,v2,v1,disposable_card_limits,72.71,auto_accept,,false,virtual_card_not_working,false,1331,1.27736e-05
train_08237,"After I got my cash, I found out my exchange rate was wrong.",deepseek/deepseek-v4-flash,v2,v1,wrong_exchange_rate_for_cash_withdrawal,99.99,auto_accept,,false,wrong_exchange_rate_for_cash_withdrawal,true,1415,1.31096e-05
train_08243,Someone may have made an error in figuring out the rate of exchange.  I should have received more cash than I did on my most recent withdrawal.,deepseek/deepseek-v4-flash,v2,v1,wrong_exchange_rate_for_cash_withdrawal,99.97,auto_accept,,false,wrong_exchange_rate_for_cash_withdrawal,true,1440,1.35296e-05
train_08262,I don't think the exchange rate was right.,deepseek/deepseek-v4-flash,v2,v1,card_payment_wrong_exchange_rate,89.56,auto_accept,,false,wrong_exchange_rate_for_cash_withdrawal,false,2657,1.29136e-05
train_08264,what is the exchange rate when i get cash,deepseek/deepseek-v4-flash,v2,v1,exchange_rate,99.83,auto_accept,,false,wrong_exchange_rate_for_cash_withdrawal,false,4205,1.25776e-05
train_08266,Why is the exchange rate so high? This should have been a much higher amount of cash for that to apply.,deepseek/deepseek-v4-flash,v2,v1,card_payment_wrong_exchange_rate,51.35,auto_accept,,false,wrong_exchange_rate_for_cash_withdrawal,false,1470,1.32776e-05
train_08345,I withdrew cash and I think the exchange rate is wrong.,deepseek/deepseek-v4-flash,v2,v1,wrong_exchange_rate_for_cash_withdrawal,99.96,auto_accept,,false,wrong_exchange_rate_for_cash_withdrawal,true,5336,1.30256e-05
train_08360,The exchange rate was wrong in the foreign country I got cash in.,deepseek/deepseek-v4-flash,v2,v1,wrong_exchange_rate_for_cash_withdrawal,99.67,auto_accept,,false,wrong_exchange_rate_for_cash_withdrawal,true,1734,1.30816e-05
train_08421,What is the procedure for depositing a virtual card,deepseek/deepseek-v4-flash,v2,v1,get_disposable_virtual_card,63.82,auto_accept,,false,get_disposable_virtual_card,true,1445,1.28296e-05
train_08425,Please tell me about disposable cards.,deepseek/deepseek-v4-flash,v2,v1,disposable_card_limits,99.59,auto_accept,,false,get_disposable_virtual_card,false,2986,1.26616e-05
train_08448,What do the disposable cards do?,deepseek/deepseek-v4-flash,v2,v1,disposable_card_limits,99.92,auto_accept,,false,get_disposable_virtual_card,false,1304,1.26616e-05
train_08449,How do I receive a disposable virtual card?,deepseek/deepseek-v4-flash,v2,v1,get_disposable_virtual_card,100.0,auto_accept,,false,get_disposable_virtual_card,true,1074,1.27736e-05
train_08514,My credit card seems to have been declined for top up. Why is it not going through? Can you tell me what's going on?,deepseek/deepseek-v4-flash,v2,v1,declined_card_payment,90.71,auto_accept,,false,top_up_failed,false,1238,1.32496e-05
train_08540,I really need to top-up my card today urgently but my card keeps getting declined!! Can you please resolve this problem or let me know if you have any alternatives,deepseek/deepseek-v4-flash,v2,v1,top_up_failed,92.12,auto_accept,,false,top_up_failed,true,1149,1.33336e-05
train_08563,Top up did not work on the app.,deepseek/deepseek-v4-flash,v2,v1,top_up_failed,100.0,auto_accept,,false,top_up_failed,true,4472,1.26616e-05
train_08573,Why did my top-up not work?,deepseek/deepseek-v4-flash,v2,v1,top_up_failed,100.0,auto_accept,,false,top_up_failed,true,1581,1.26336e-05
train_08578,"Hi, I am experiencing problems while trying to top-up with my card. I have never experienced any problems doing this before. Could you please help me?",deepseek/deepseek-v4-flash,v2,v1,topping_up_by_card,92.41,auto_accept,,false,top_up_failed,false,1230,1.33336e-05
train_08579,The top-up did not go through.,deepseek/deepseek-v4-flash,v2,v1,top_up_failed,100.0,auto_accept,,false,top_up_failed,true,3389,1.26336e-05
train_08596,I topped up my account but the app failed to process it.,deepseek/deepseek-v4-flash,v2,v1,top_up_failed,100.0,auto_accept,,false,top_up_failed,true,1780,1.29976e-05
train_08601,I don't think my top up worked,deepseek/deepseek-v4-flash,v2,v1,top_up_failed,92.41,auto_accept,,false,top_up_failed,true,1928,1.26616e-05
train_08617,After I transferred money the balance remained the same.,deepseek/deepseek-v4-flash,v2,v1,balance_not_updated_after_bank_transfer,99.99,auto_accept,,false,balance_not_updated_after_bank_transfer,true,1430,1.30256e-05
train_08686,How long do I need to wait to see an update after I make a bank transfer?,deepseek/deepseek-v4-flash,v2,v1,balance_not_updated_after_bank_transfer,81.58,auto_accept,,false,balance_not_updated_after_bank_transfer,true,1200,1.32496e-05
train_08695,Where is the transfer that I did?,deepseek/deepseek-v4-flash,v2,v1,pending_transfer,87.05,auto_accept,,false,balance_not_updated_after_bank_transfer,false,1083,1.28016e-05
train_08697,"How long does a transfer from a UK account take? I just made one and it doesn't seem to be working, wondering if everything is okay",deepseek/deepseek-v4-flash,v2,v1,transfer_timing,99.62,auto_accept,,false,balance_not_updated_after_bank_transfer,false,4343,1.34176e-05
train_08737,I made a transfer a couple hours ago but my balance has not been updated. Why is this? Shouldnt this be instant?,deepseek/deepseek-v4-flash,v2,v1,balance_not_updated_after_bank_transfer,99.73,auto_accept,,false,balance_not_updated_after_bank_transfer,true,1486,1.34736e-05
train_08789,Why do I see a random withdrawal in my app?,deepseek/deepseek-v4-flash,v2,v1,cash_withdrawal_not_recognised,96.49,auto_accept,,false,cash_withdrawal_not_recognised,true,2071,1.28856e-05
train_08816,Why is there extra cash in my account?,deepseek/deepseek-v4-flash,v2,v1,balance_not_updated_after_bank_transfer,68.97,review,keyword_miss,true,cash_withdrawal_not_recognised,false,1396,1.29976e-05
train_08821,Somebody made a withdrawal from my account for 500. I have my card so how can this be? Does somebody have a duplicate card or something? Help please.,deepseek/deepseek-v4-flash,v2,v1,compromised_card,64.61,auto_accept,,false,cash_withdrawal_not_recognised,false,1465,1.33616e-05
train_08827,I see non-received cash in my app.,deepseek/deepseek-v4-flash,v2,v1,balance_not_updated_after_bank_transfer,6.9,review,keyword_miss,true,cash_withdrawal_not_recognised,false,1299,1.30256e-05
train_08856,I am seeing inside the App a some cash withdrawal that is not mine,deepseek/deepseek-v4-flash,v2,v1,cash_withdrawal_not_recognised,99.94,auto_accept,,false,cash_withdrawal_not_recognised,true,2307,1.29976e-05
train_08893,I think somebody made an unauthorized copy of my card.  My account has a cash withdrawal for 500£ that I did not make.  Please help.,deepseek/deepseek-v4-flash,v2,v1,compromised_card,98.55,auto_accept,,false,cash_withdrawal_not_recognised,false,1576,1.33056e-05
train_08898,My wallet got stolen a couple hours ago and now I've seen there already is a withdrawal. Help this is absolutely urgent I don't want to loose more money,deepseek/deepseek-v4-flash,v2,v1,lost_or_stolen_card,97.06,auto_accept,,false,cash_withdrawal_not_recognised,false,3117,1.33896e-05
train_08927,There is a cash withdrawl I don't remember.,deepseek/deepseek-v4-flash,v2,v1,cash_withdrawal_not_recognised,99.97,auto_accept,,false,cash_withdrawal_not_recognised,true,1782,1.28856e-05
train_08968,What kind of costs are involved for exchanging currency?,deepseek/deepseek-v4-flash,v2,v1,exchange_rate,67.92,auto_accept,,false,exchange_charge,false,1245,1.25776e-05
train_08988,is there a frequent currency discount?,deepseek/deepseek-v4-flash,v2,v1,exchange_rate,99.97,review,keyword_miss,true,exchange_charge,false,1335,1.24936e-05
train_09020,What fee will be charged for exchanges?,deepseek/deepseek-v4-flash,v2,v1,exchange_charge,99.88,auto_accept,,false,exchange_charge,true,3986,1.25776e-05
train_09052,are there any exchange fees,deepseek/deepseek-v4-flash,v2,v1,exchange_charge,99.75,auto_accept,,false,exchange_charge,true,1822,1.25216e-05
train_09054,What is the fee for a foreign currency exchange?,deepseek/deepseek-v4-flash,v2,v1,exchange_charge,77.72,auto_accept,,false,exchange_charge,true,3759,1.26336e-05
train_09066,What is the fee for topping up a US card?,deepseek/deepseek-v4-flash,v2,v1,top_up_by_card_charge,99.88,auto_accept,,false,top_up_by_card_charge,true,2197,1.28296e-05
train_09128,what is the fee for topping up by card?,deepseek/deepseek-v4-flash,v2,v1,top_up_by_card_charge,99.79,auto_accept,,false,top_up_by_card_charge,true,2022,1.28016e-05
train_09134,how much for topping up by card?,deepseek/deepseek-v4-flash,v2,v1,topping_up_by_card,99.33,auto_accept,,false,top_up_by_card_charge,false,1287,1.26896e-05
train_09164,Are there fees for adding money with an International card?,deepseek/deepseek-v4-flash,v2,v1,top_up_by_card_charge,99.81,auto_accept,,false,top_up_by_card_charge,true,2065,1.28296e-05
train_09177,How much does top up fees cost?,deepseek/deepseek-v4-flash,v2,v1,top_up_by_card_charge,67.74,auto_accept,,false,top_up_by_card_charge,true,3153,1.27456e-05
train_09198,Can I get some help activating my new card?,deepseek/deepseek-v4-flash,v2,v1,activate_my_card,100.0,auto_accept,,false,activate_my_card,true,2561,1.26896e-05
train_09224,"Hi, would you please activate my card?",deepseek/deepseek-v4-flash,v2,v1,activate_my_card,100.0,auto_accept,,false,activate_my_card,true,2579,1.26616e-05
train_09241,I am having trouble activating my card.,deepseek/deepseek-v4-flash,v2,v1,activate_my_card,100.0,auto_accept,,false,activate_my_card,true,1648,1.26336e-05
train_09271,I would like to get help from someone in your customer service department with assisting me with activating my card.,deepseek/deepseek-v4-flash,v2,v1,activate_my_card,100.0,auto_accept,,false,activate_my_card,true,1020,1.29976e-05
train_09300,How can I switch on my new card?,deepseek/deepseek-v4-flash,v2,v1,activate_my_card,99.68,auto_accept,,false,activate_my_card,true,1726,1.26616e-05
train_09350,"Hello, I have a question concerning an unfamiliar fee that I notice on my account. I see that you guys charge for ATM withdrawal. Never notice this fee until now. Can you please explain?",deepseek/deepseek-v4-flash,v2,v1,cash_withdrawal_charge,98.88,auto_accept,,false,cash_withdrawal_charge,true,1772,1.35576e-05
train_09361,Is the fee with my cash withdrawal a mistake?,deepseek/deepseek-v4-flash,v2,v1,cash_withdrawal_charge,99.93,auto_accept,,false,cash_withdrawal_charge,true,4123,1.27456e-05
train_09372,"I am not supposed to be charged a cash withdrawal fee, but I was.",deepseek/deepseek-v4-flash,v2,v1,cash_withdrawal_charge,100.0,auto_accept,,false,cash_withdrawal_charge,true,1533,1.29136e-05
train_09420,The bank charged me fees for withdrawing cash!,deepseek/deepseek-v4-flash,v2,v1,cash_withdrawal_charge,100.0,auto_accept,,false,cash_withdrawal_charge,true,1672,1.27176e-05
train_09448,Since when were there charges for taking out cash from my account? It's always been free for me to do this before.  How much are the charges going to be?,deepseek/deepseek-v4-flash,v2,v1,cash_withdrawal_charge,100.0,auto_accept,,false,cash_withdrawal_charge,true,6310,1.34456e-05
train_09493,"The past few times I've been to the ATM, I was charged a withdrawal fee. Have your policies changed regarding fees?",deepseek/deepseek-v4-flash,v2,v1,cash_withdrawal_charge,99.85,auto_accept,,false,cash_withdrawal_charge,true,1607,1.33896e-05
train_09511,I noticed a different charge while I was taking my money out.,deepseek/deepseek-v4-flash,v2,v1,cash_withdrawal_not_recognised,61.14,review,keyword_miss,true,cash_withdrawal_charge,false,1647,1.31656e-05
train_09512,Why was I charged a fee for withdrawing money?,deepseek/deepseek-v4-flash,v2,v1,cash_withdrawal_charge,100.0,auto_accept,,false,cash_withdrawal_charge,true,1779,1.27456e-05
train_09543,I'm in China and need a new card. Please help.,deepseek/deepseek-v4-flash,v2,v1,order_physical_card,76.32,auto_accept,,false,card_about_to_expire,false,3317,1.27736e-05
train_09550,Where can I order a card when I am in China?,deepseek/deepseek-v4-flash,v2,v1,order_physical_card,87.69,auto_accept,,false,card_about_to_expire,false,1030,1.27456e-05
train_09551,How do I replace a card that's going to expire?,deepseek/deepseek-v4-flash,v2,v1,card_about_to_expire,99.86,auto_accept,,false,card_about_to_expire,true,1400,1.30816e-05
train_09560,Is ordering a new card from China available?,deepseek/deepseek-v4-flash,v2,v1,country_support,76.55,auto_accept,,false,card_about_to_expire,false,1467,1.26056e-05
train_09596,What should I do once my card expires?,deepseek/deepseek-v4-flash,v2,v1,card_about_to_expire,100.0,auto_accept,,false,card_about_to_expire,true,2307,1.27736e-05
train_09632,My card is almost expired.  How fast will I get a new one and what is the cost?,deepseek/deepseek-v4-flash,v2,v1,card_delivery_estimate,50.0,auto_accept,,false,card_about_to_expire,false,3436,1.31096e-05
train_09633,What is the process to get a new card when your old one expires?,deepseek/deepseek-v4-flash,v2,v1,card_about_to_expire,94.97,auto_accept,,false,card_about_to_expire,true,1380,1.29416e-05
train_09646,why top up is not working even if I got my American Express in Apple Bay?,deepseek/deepseek-v4-flash,v2,v1,top_up_failed,99.91,auto_accept,,false,apple_pay_or_google_pay,false,1336,1.28856e-05
train_09658,Is top-up possible with Apple Pay?,deepseek/deepseek-v4-flash,v2,v1,apple_pay_or_google_pay,98.24,auto_accept,,false,apple_pay_or_google_pay,true,1071,1.28576e-05
train_09686,is apple pay a top up service?,deepseek/deepseek-v4-flash,v2,v1,apple_pay_or_google_pay,99.73,auto_accept,,false,apple_pay_or_google_pay,true,2137,1.28576e-05
train_09699,Are top-ups allowed using Apple Pay?,deepseek/deepseek-v4-flash,v2,v1,apple_pay_or_google_pay,92.38,auto_accept,,false,apple_pay_or_google_pay,true,1644,1.28576e-05
train_09704,"Using Google Pay, can I top up?",deepseek/deepseek-v4-flash,v2,v1,topping_up_by_card,45.68,auto_accept,,false,apple_pay_or_google_pay,false,4866,1.27176e-05
train_09717,I can't get google pay to work right.,deepseek/deepseek-v4-flash,v2,v1,apple_pay_or_google_pay,99.99,auto_accept,,false,apple_pay_or_google_pay,true,1909,1.29136e-05
train_09722,I cannot get my google pay to work.,deepseek/deepseek-v4-flash,v2,v1,apple_pay_or_google_pay,99.96,auto_accept,,false,apple_pay_or_google_pay,true,2128,1.28856e-05
train_09728,What are the steps needed to top up with Apple Pay?,deepseek/deepseek-v4-flash,v2,v1,topping_up_by_card,90.68,auto_accept,,false,apple_pay_or_google_pay,false,1476,1.28016e-05
train_09771,How can I prove I am me?,deepseek/deepseek-v4-flash,v2,v1,verify_my_identity,98.63,review,keyword_miss,true,verify_my_identity,true,3500,1.26896e-05
train_09774,How do I verify my identity online,deepseek/deepseek-v4-flash,v2,v1,verify_my_identity,100.0,auto_accept,,false,verify_my_identity,true,1045,1.26896e-05
train_09806,What do I need in regards to identification?,deepseek/deepseek-v4-flash,v2,v1,verify_my_identity,98.55,auto_accept,,false,verify_my_identity,true,1541,1.27176e-05
train_09816,why do I have to show my ID,deepseek/deepseek-v4-flash,v2,v1,why_verify_identity,98.59,auto_accept,,false,verify_my_identity,false,1354,1.27176e-05
train_09820,Let me know what the steps for the identity checks are,deepseek/deepseek-v4-flash,v2,v1,verify_my_identity,99.85,auto_accept,,false,verify_my_identity,true,1439,1.28016e-05
train_09863,What are the steps for the identity checks?,deepseek/deepseek-v4-flash,v2,v1,verify_my_identity,92.4,auto_accept,,false,verify_my_identity,true,1852,1.27176e-05
train_09865,How do I complete the ID check?,deepseek/deepseek-v4-flash,v2,v1,verify_my_identity,100.0,auto_accept,,false,verify_my_identity,true,2735,1.26896e-05
train_09876,How do I get a card if I live in the US?,deepseek/deepseek-v4-flash,v2,v1,get_physical_card,11.58,auto_accept,,false,country_support,false,1782,1.27736e-05
train_09893,I live in the EU - can I get a card?,deepseek/deepseek-v4-flash,v2,v1,country_support,90.67,auto_accept,,false,country_support,true,2272,1.26896e-05
train_09923,Can I use it outside of Europe?,deepseek/deepseek-v4-flash,v2,v1,country_support,99.84,review,keyword_miss,true,country_support,true,4247,1.25776e-05
train_09965,In which countries can I get a card?,deepseek/deepseek-v4-flash,v2,v1,country_support,99.14,auto_accept,,false,country_support,true,5083,1.26056e-05
train_09967,Can I have a card even if I am not living in the UK?,deepseek/deepseek-v4-flash,v2,v1,country_support,98.98,auto_accept,,false,country_support,true,2687,1.27736e-05
train_09968,You operate in which countries?,deepseek/deepseek-v4-flash,v2,v1,country_support,100.0,auto_accept,,false,country_support,true,1547,1.25216e-05
train_09977,What countries can I use the card in?,deepseek/deepseek-v4-flash,v2,v1,country_support,100.0,auto_accept,,false,country_support,true,1467,1.26056e-05
